Date,Open,High,Low,Volume BTC,Close,7 days later
5/7/2019,5687.9,5966.37,5687.9,6179.72,5907.47,0
5/6/2019,5715.86,5753.66,5564.93,0,5687.9,0
5/5/2019,5770.01,5782.22,5627.35,5700.46,5715.86,0
5/4/2019,5657.4,5846.88,5512,10457.85,5770.01,0
5/3/2019,5390.01,5796.93,5363,19076.57,5657.4,0
5/2/2019,5321.15,5422.99,5306.09,7181.06,5390.01,0
5/1/2019,5270.69,5358.39,5265.61,7128.85,5321.15,0
4/30/2019,5148.25,5285,5126.25,7203.05,5270.69,5907.47
4/29/2019,5155,5189.54,5072.01,7285.66,5148.25,5687.9
4/28/2019,5170.6,5214.5,5101,4907.63,5155,5715.86
4/27/2019,5159.51,5221.24,5117.46,4261.41,5170.6,5770.01
4/26/2019,5134.81,5295.03,5041.14,14211.29,5159.51,5657.4
4/25/2019,5441.9,5512.12,4963,16761.42,5134.81,5390.01
4/24/2019,5532.75,5624.47,5374,14767.24,5441.9,5321.15
4/23/2019,5387.6,5650.01,5361.01,17566.38,5532.75,5270.69
4/22/2019,5297.64,5440.84,5250.45,11965.4,5387.6,5148.25
4/21/2019,5319.89,5349.16,5213.34,5739.01,5297.64,5155
4/20/2019,5290.37,5359.98,5260.24,4881.14,5319.89,5170.6
4/19/2019,5281.81,5359.47,5196.7,6230.69,5290.37,5159.51
4/18/2019,5227,5318.18,5222.26,8214.7,5281.81,5134.81
4/17/2019,5202.9,5272.32,5173.11,7396.94,5227,5441.9
4/16/2019,5029.99,5229.97,5016.45,8604.75,5202.9,5532.75
4/15/2019,5164.27,5193.01,4945.54,9607.43,5029.99,5387.6
4/14/2019,5066.22,5191.19,5013.81,4401.42,5164.27,5297.64
4/13/2019,5078.19,5123.28,5036.74,4284.12,5066.22,5319.89
4/12/2019,5040.12,5118.56,4901.99,9858.67,5078.19,5290.37
4/11/2019,5318.58,5342.74,4967.24,15029.95,5040.12,5281.81
4/10/2019,5193.49,5488,5164.49,16026.52,5318.58,5227
4/9/2019,5285.54,5287,5145,9692.89,5193.49,5202.9
4/8/2019,5194.79,5352.5,5132.28,15523.75,5285.54,5029.99
4/7/2019,5044.13,5270.33,5029.7,10073.94,5194.79,5164.27
4/6/2019,5040.66,5244.04,4925,11990.17,5044.13,5066.22
4/5/2019,4907.3,5066.59,4887.34,11560.17,5040.66,5078.19
4/4/2019,4975.97,5071.34,4778.84,15160.91,4907.3,5040.12
4/3/2019,4901.93,5345,4787.11,33951.68,4975.97,5318.58
4/2/2019,4137.01,5100.78,4133.15,28678.1,4901.93,5193.49
4/1/2019,4094.99,4149.5,4051.53,7735.88,4137.01,5285.54
3/19/2019,3970.5,3984.58,3969.58,361.69,3975.01,5194.79
3/18/2019,3967.01,4015.7,3937.69,5416.76,3970.5,5044.13
3/17/2019,3990,3991,3936.3,3285.58,3967.01,5040.66
3/16/2019,3902.8,4037.47,3900.93,6188.47,3990,4907.3
3/15/2019,3853.95,3910,3846.79,6550.17,3902.8,4975.97
3/14/2019,3851.02,3900,3779.28,6992.9,3853.95,4901.93
3/13/2019,3860,3871.02,3827.5,5460.66,3851.02,4137.01
3/12/2019,3849.68,3875.33,3798.16,6489.22,3860,3975.01
3/11/2019,3900.92,3911.83,3817.01,5750.54,3849.68,3970.5
3/10/2019,3917,3917,3867.84,3444.59,3900.92,3967.01
3/9/2019,3843.12,3947.33,3834.59,5170.55,3917,3990
3/8/2019,3857.05,3910.88,3771,8160.65,3843.12,3902.8
3/7/2019,3851.89,3891,3830.79,6997.28,3857.05,3853.95
3/6/2019,3844.59,3894.7,3812,6615.04,3851.89,3851.02
3/5/2019,3700.72,3874.98,3692.36,8617.6,3844.59,3860
3/4/2019,3786.93,3804.99,3672.39,7793.41,3700.72,3849.68
3/3/2019,3809.7,3815.48,3763.62,3839.56,3786.93,3900.92
3/2/2019,3806.17,3818.08,3763,3583.18,3809.7,3917
3/1/2019,3792.14,3843,3791.31,6474.64,3806.17,3843.12
2/28/2019,3799.92,3899.99,3755.21,8766.86,3792.14,3857.05
2/27/2019,3799.48,3823.13,3655,7410.2,3799.92,3851.89
2/26/2019,3818.79,3826.37,3763.71,6309.89,3799.48,3844.59
2/25/2019,3734.22,3860,3731.09,10610.58,3818.79,3700.72
2/24/2019,4110,4188.79,3712.84,14145.95,3734.22,3786.93
2/23/2019,3942.02,4156.1,3911.3,9881.57,4110,3809.7
2/22/2019,3897.71,3956.43,3886.15,7477.11,3942.02,3806.17
2/21/2019,3938.99,3988,3869.45,8198.49,3897.71,3792.14
2/20/2019,3888.01,3967.19,3867.13,8325.53,3938.99,3799.92
2/19/2019,3867,3969.54,3841.54,13795.19,3888.01,3799.48
2/18/2019,3625.08,3917,3616.18,15037.03,3867,3818.79
2/17/2019,3582.37,3675,3557.43,5781.9,3625.08,3734.22
2/16/2019,3566.59,3607.36,3565.5,4156.81,3582.37,4110
2/15/2019,3561.5,3620.22,3545.89,6844.45,3566.59,3942.02
2/14/2019,3576.68,3589,3535.1,5661.32,3561.5,3897.71
2/13/2019,3588.06,3627.99,3562.98,6850.51,3576.68,3938.99
2/12/2019,3590.36,3618.77,3550,7722.15,3588.06,3888.01
2/11/2019,3648.85,3652,3579.38,8107.71,3590.36,3867
2/10/2019,3623.73,3654.28,3578.59,5165.23,3648.85,3625.08
2/9/2019,3622,3642.11,3597,4887.47,3623.73,3582.37
2/8/2019,3359,3711,3344,15716.99,3622,3566.59
2/7/2019,3367.36,3383.14,3352.01,8292.37,3359,3561.5
2/6/2019,3428.4,3441,3340.8,8897.36,3367.36,3576.68
2/5/2019,3409.57,3429.46,3400,5993.48,3428.4,3588.06
2/4/2019,3414.78,3435,3395.1,5727.22,3409.57,3590.36
2/3/2019,3468.43,3471.76,3386.45,4341.6,3414.78,3648.85
2/2/2019,3437.5,3483.24,3414.49,3813.96,3468.43,3623.73
2/1/2019,3411.49,3458.26,3369.62,8410.91,3437.5,3622
1/31/2019,3437.55,3473.4,3396.74,7148.39,3411.49,3359
1/30/2019,3397.42,3459.41,3373.35,8293.61,3437.55,3367.36
1/29/2019,3429.95,3438.4,3337.87,8168.2,3397.42,3428.4
1/28/2019,3531.01,3535.92,3374.02,11621.01,3429.95,3409.57
1/27/2019,3556.07,3562.9,3471.98,3868.19,3531.01,3414.78
1/26/2019,3562.18,3657.76,3540,4534.02,3556.07,3468.43
1/25/2019,3568.97,3578.79,3510.01,6547.88,3562.18,3437.5
1/24/2019,3553.01,3595.83,3530.1,5607.18,3568.97,3411.49
1/23/2019,3577.03,3614.47,3523.64,7628.41,3553.01,3437.55
1/22/2019,3531.76,3611.5,3425,8672.66,3577.03,3397.42
1/21/2019,3536.19,3568.95,3487.37,6240.95,3531.76,3429.95
1/20/2019,3682.65,3703.39,3481.01,6721.45,3536.19,3531.01
1/19/2019,3607.85,3759.98,3604.9,4765.26,3682.65,3556.07
1/18/2019,3640.65,3643.69,3580.16,5741.49,3607.85,3562.18
1/17/2019,3609.71,3657,3541.29,8526.63,3640.65,3568.97
1/16/2019,3580.76,3666.73,3572.52,8531.11,3609.71,3553.01
1/15/2019,3664.19,3684.38,3540,10048.6,3580.76,3577.03
1/14/2019,3514.24,3711.1,3509.24,10607.81,3664.19,3531.76
1/13/2019,3619.41,3641.86,3482,7072.38,3514.24,3536.19
1/12/2019,3635.69,3649.18,3557.29,5418.47,3619.41,3682.65
1/11/2019,3626.12,3699.26,3576.09,13866.3,3635.69,3607.85
1/10/2019,4004.12,4035.21,3560,18967.77,3626.12,3640.65
1/9/2019,3993.86,4042.2,3962.12,10180.99,4004.12,3609.71
1/8/2019,4006.01,4114.8,3945,12850.61,3993.86,3580.76
1/7/2019,4040.99,4070,3968.79,9408.71,4006.01,3664.19
1/6/2019,3798.62,4088,3756.01,8949.92,4040.99,3514.24
1/5/2019,3820.25,3874.12,3775,6205.09,3798.62,3619.41
1/4/2019,3787.57,3849,3730,8951.89,3820.25,3635.69
1/3/2019,3890.79,3893.8,3758.07,8715.63,3787.57,3626.12
1/2/2019,3826.09,3916.57,3770.07,9536.46,3890.79,4004.12
1/1/2019,3691.86,3841.17,3651.02,10364.91,3826.09,3993.86
12/31/2018,3829,3835.4,3625.84,11743.89,3691.86,4006.01
12/30/2018,3729.31,3863.06,3691.01,8281.34,3829,4040.99
12/29/2018,3888.06,3944.33,3706,8888.81,3729.31,3798.62
12/28/2018,3589.89,3971.58,3576.12,15655.27,3888.06,3820.25
12/27/2018,3809.88,3841.21,3567,12383.47,3589.89,3787.57
12/26/2018,3780,3849.2,3685.02,8763.53,3809.88,3890.79
12/25/2018,4034,4045.41,3676.15,11888.87,3780,3826.09
12/24/2018,3944.93,4239.37,3944.92,18459.12,4034,3691.86
12/23/2018,3980.46,4050,3904.87,9760.55,3944.93,3829
12/22/2018,3839.06,4005,3790.16,9641.35,3980.46,3729.31
12/21/2018,4075.34,4162.27,3775,21880.53,3839.06,3888.06
12/20/2018,3682.51,4175,3661.5,28862.88,4075.34,3589.89
12/19/2018,3667.77,3928.15,3642.17,27118.36,3682.51,3809.88
12/18/2018,3496.82,3688,3436.5,16101.1,3667.77,3780
12/17/2018,3195,3585.95,3184.28,20649.01,3496.82,4034
12/16/2018,3183,3258,3181.24,6960.21,3195,3944.93
12/15/2018,3195.71,3228.69,3130,9032.11,3183,3980.46
12/14/2018,3265,3294.9,3135,13684.44,3195.71,3839.06
12/13/2018,3430.24,3439.63,3227.96,13289.12,3265,4075.34
12/12/2018,3349.36,3486.16,3325.58,10238.1,3430.24,3682.51
12/11/2018,3410.15,3424.92,3293.49,10574.9,3355.68,3667.77
12/10/2018,3531.18,3590.71,3354.97,12950.67,3410.15,3496.82
12/9/2018,3401,3642.51,3373.52,11241.81,3531.18,3195
12/8/2018,3380.01,3495,3253.66,13145.57,3401,3183
12/7/2018,3433.26,3544.99,3212,34994.71,3380.01,3195.71
12/6/2018,3694.39,3849,3401,26157.21,3433.26,3265
12/5/2018,3901.84,3912.53,3660,14074.46,3694.39,3430.24
12/4/2018,3833.47,4035.1,3732.43,15556.85,3901.84,3355.68
12/3/2018,4103.19,4119.98,3741.95,15624.16,3833.47,3410.15
12/2/2018,4142.01,4263.77,4036,10461.93,4103.19,3531.18
12/1/2018,3976,4275.42,3910.08,9685.27,4142.01,3401
11/30/2018,4248,4297.71,3869,18112.45,3975.48,3380.01
11/29/2018,4225.03,4410.52,4078.21,19053.48,4248,3433.26
11/28/2018,3775,4365,3775,34203.59,4225.03,3694.39
11/27/2018,3731.32,3830,3562.9,22536.15,3775,3901.84
11/26/2018,3936.69,4076.25,3510,34144.92,3731.32,3833.47
11/25/2018,3774.99,4120,3457.81,36576.28,3936.69,4103.19
11/24/2018,4283.8,4370.78,3650.84,20501.98,3774.99,4142.01
11/23/2018,4263.66,4366.05,4086.16,18389.56,4283.8,3975.48
11/22/2018,4545.11,4589,4238.69,12107.2,4263.66,4248
11/21/2018,4349.23,4627.55,4239.01,27423.73,4545.11,4225.03
11/20/2018,4733.5,4889,4035,61797.01,4349.23,3775
11/19/2018,5560,5560,4670.63,36133.96,4733.5,3731.32
11/18/2018,5504.17,5665,5503.34,4599.14,5560,3936.69
11/17/2018,5512.24,5544,5450.84,4672.7,5504.17,3774.99
11/16/2018,5579.52,5609.91,5410,8839.08,5512.24,4283.8
11/15/2018,5605.46,5645,5190,20850.3,5579.52,4263.66
11/14/2018,6259.35,6293.38,5281.01,28948.74,5605.46,4545.11
11/13/2018,6327.86,6328.22,6252.5,4465.43,6259.35,4349.23
11/12/2018,6357.6,6383.59,6305.95,3498.83,6327.86,4733.5
11/11/2018,6347.42,6360,6271.15,2262.05,6357.6,5560
11/10/2018,6334.89,6374,6327.46,2366.56,6347.42,5504.17
11/9/2018,6406.25,6415,6309.45,4377.42,6334.89,5512.24
11/8/2018,6503.12,6511.88,6391.99,4929.29,6406.25,5579.52
11/7/2018,6448.5,6540,6448.5,5541,6503.12,5605.46
11/6/2018,6404,6449.65,6387.82,5257.68,6448.5,6259.35
11/5/2018,6423.28,6439.99,6372,3878.2,6404,6327.86
11/4/2018,6331.96,6464.15,6314.82,3785.22,6423.28,6357.6
11/3/2018,6349.8,6351.7,6315.91,2490.79,6331.96,6347.42
11/2/2018,6343.99,6378.77,6333.94,4003.06,6349.8,6334.89
11/1/2018,6304.18,6360,6293.44,4395.73,6343.99,6406.25
10/31/2018,6267.63,6353.24,6203.72,5061.85,6304.18,6503.12
10/30/2018,6266,6289,6240.54,4018.99,6267.63,6448.5
10/29/2018,6403.62,6414.99,6211,6219.19,6266,6404
10/28/2018,6409.12,6415,6380.01,2032.02,6403.62,6423.28
10/27/2018,6404.87,6421.76,6390,2264.63,6409.12,6331.96
10/26/2018,6395.58,6450,6383.54,3923.84,6404.87,6349.8
10/25/2018,6415.97,6422,6379.74,3446.96,6395.58,6343.99
10/24/2018,6395.14,6470.99,6395.13,5001.03,6415.97,6304.18
10/23/2018,6407.65,6411.5,6360,3884.63,6395.14,6267.63
10/22/2018,6415.88,6427.63,6377.77,3827.53,6407.65,6266
10/21/2018,6414,6452.87,6405.57,2497.64,6415.88,6403.62
10/20/2018,6382.98,6420,6369.32,3359.42,6414,6409.12
10/19/2018,6394.96,6409.61,6355,3708.25,6382.98,6404.87
10/18/2018,6443.7,6489.83,6355,6821.25,6394.96,6395.58
10/17/2018,6457.11,6459.99,6411.19,5281.04,6443.7,6415.97
10/16/2018,6436.98,6436.98,6422.16,0,6422.16,6395.14
10/15/2018,6183.49,6810,6151.58,19798.42,6436.98,6407.65
10/14/2018,6196,6288.36,6151,3657.22,6183.49,6415.88
10/13/2018,6188.01,6212,6178,3722.67,6196,6414
10/12/2018,6154.69,6235.2,6111.97,5412.96,6188.01,6382.98
10/11/2018,6524.56,6524.56,6033.34,18769.33,6154.69,6394.96
10/10/2018,6589.48,6591.32,6445.48,5989.36,6524.56,6443.7
10/9/2018,6608.07,6612.86,6552.5,4424.22,6589.48,6422.16
10/8/2018,6570,6681.19,6545.63,5158.8,6608.07,6436.98
10/7/2018,6552.43,6585.01,6491.81,2572.74,6570,6183.49
10/6/2018,6593.94,6594.39,6536,2686.64,6552.43,6196
10/5/2018,6547.45,6641,6512.81,4973.4,6593.94,6188.01
10/4/2018,6466.03,6603.01,6455,6292.98,6547.45,6154.69
10/3/2018,6498.46,6507.95,6398.96,6017.6,6466.03,6524.56
10/2/2018,6572.83,6591.37,6452,5283.88,6498.46,6589.48
10/1/2018,6605,6639.33,6479.03,6869.97,6572.83,6608.07
9/30/2018,6582,6640.37,6523,3604.16,6605,6570
9/29/2018,6620.01,6620.01,6452.02,4164.89,6582,6552.43
9/28/2018,6680.01,6786.73,6528.13,8630.93,6620.01,6593.94
9/27/2018,6455.66,6734.78,6430,7629.43,6680.01,6547.45
9/26/2018,6436.89,6537.26,6380.62,5767.65,6455.66,6466.03
9/25/2018,6582.09,6582.1,6320.5,8918.53,6436.89,6498.46
9/24/2018,6696.99,6716.16,6555.99,5245.81,6582.09,6572.83
9/23/2018,6707.33,6777,6660.05,3403.22,6696.99,6605
9/22/2018,6750,6823,6628.01,5114.24,6707.33,6582
9/21/2018,6493.11,6777.1,6492.5,10972.56,6750,6620.01
9/20/2018,6386.94,6530,6337,6573.75,6493.11,6680.01
9/19/2018,6335.7,6511,6106.37,9736.67,6386.94,6455.66
9/18/2018,6250.7,6384.04,6228,6009.83,6335.7,6436.89
9/17/2018,6498,6529.75,6207.55,8901.88,6250.7,6582.09
9/16/2018,6518.68,6521.75,6324.9,3191.64,6498,6696.99
9/15/2018,6478.04,6565,6470,3344.58,6518.68,6707.33
9/14/2018,6485.99,6580,6378.05,7312.68,6478.04,6750
9/13/2018,6326,6530,6323.65,9327.54,6485.99,6493.11
9/12/2018,6282.53,6340.94,6194.88,7259.91,6326,6386.94
9/11/2018,6299.99,6405,6176.76,7223.25,6282.53,6335.7
9/10/2018,6235.01,6375.13,6221.49,6841.81,6299.99,6250.7
9/9/2018,6188,6450,6147,5936.9,6235.01,6498
9/8/2018,6395.01,6460,6116,6748.54,6188,6518.68
9/7/2018,6495,6530,6325,8126.97,6395.01,6478.04
9/6/2018,6687.96,6703.73,6272.73,17927.95,6495,6485.99
9/5/2018,7360,7384,6664.07,14914.63,6687.96,6326
9/4/2018,7256.98,7402.5,7229.94,7717.62,7360,6282.53
9/3/2018,7295,7338,7192.99,5857.14,7256.98,6299.99
9/2/2018,7191.08,7328.36,7130.01,5648.04,7295,6235.01
9/1/2018,7015.01,7275,7010.98,5978.49,7191.08,6188
8/31/2018,6983,7090.46,6884.49,7685.76,7015.01,6395.01
8/30/2018,7030.9,7048.66,6790,7910.9,6983,6495
8/29/2018,7071.01,7119,6907.42,7424.03,7030.9,6687.96
8/28/2018,6911.9,7128,6864.96,11482.31,7071.01,7360
8/27/2018,6709.98,6947.6,6654.13,6994.99,6911.9,7256.98
8/26/2018,6737.52,6773,6574.27,4641.17,6709.98,7295
8/25/2018,6690.88,6790,6668,4761.32,6737.52,7191.08
8/24/2018,6526.36,6719,6451.55,7223.8,6690.88,7015.01
8/23/2018,6359.99,6568.37,6348.69,6856.61,6526.36,6983
8/22/2018,6475.9,6890.65,6250,15930.31,6359.99,7030.9
8/21/2018,6258.74,6490,6249.12,6584.39,6475.9,7071.01
8/20/2018,6489.53,6525,6227.71,7448.29,6258.74,6911.9
8/19/2018,6396.64,6547.34,6328.45,4432.89,6489.53,6709.98
8/18/2018,6585.49,6613.23,6312,6669.64,6396.64,6737.52
8/17/2018,6315.9,6585.5,6290.39,10578.77,6585.49,6690.88
8/16/2018,6269.01,6475.01,6200,8799.16,6315.9,6526.36
8/15/2018,6195.01,6636,6189,16811.85,6269.01,6359.99
8/14/2018,6253.67,6258.32,5900,17119.88,6195.01,6475.9
8/13/2018,6316.01,6544.99,6143,10179.58,6253.67,6258.74
8/12/2018,6112.21,6112.21,6112.21,0,6112.21,6489.53
8/11/2018,6146.01,6190,6003,4021.81,6112.21,6396.64
8/10/2018,6546.46,6584.8,6015,7740.13,6146.01,6585.49
8/9/2018,6282.5,6633.21,6177.51,13627.25,6546.46,6315.9
8/8/2018,6718.22,6718.22,6121.04,21222.61,6282.5,6269.01
8/7/2018,6938,7152,6650,10429.16,6718.22,6195.01
8/6/2018,7030.01,7163,6840.06,8425.87,6938,6253.67
8/5/2018,7005,7086.52,6880,6104.64,7030.01,6112.21
8/4/2018,7414.08,7495,6940,9218.69,7005,6112.21
8/3/2018,7533.92,7538.53,7285,10475.08,7414.08,6146.01
8/2/2018,7603.99,7707.54,7462,6722.46,7533.92,6546.46
8/1/2018,7727.27,7750,7440.01,10921.59,7603.99,6282.5
7/31/2018,8170.01,8173.57,7634.22,12000.2,7727.27,6718.22
7/30/2018,8216.34,8274.92,7850,9821.99,8170.01,6938
7/29/2018,8228.9,8289.96,8127.87,4059.13,8216.34,7030.01
7/28/2018,8184.21,8230,8065,3991.58,8228.9,7005
7/27/2018,7931.99,8276.55,7787.29,11584.49,8184.21,7414.08
7/26/2018,8157.15,8290,7840,11202.08,7931.99,7533.92
7/25/2018,8401.01,8482.84,8042,13863.11,8157.15,7603.99
7/24/2018,7720.09,8488,7695.99,18923.85,8401.01,7727.27
7/23/2018,7397.8,7809,7378.26,12070.76,7720.09,8170.01
7/22/2018,7408,7569.69,7327.75,5353.75,7397.8,8216.34
7/21/2018,7334.46,7444.77,7204.32,4853.63,7408,8228.9
7/20/2018,7470.01,7687,7259.76,9846.56,7334.46,8184.21
7/19/2018,7378.99,7563.81,7281.42,9683.79,7470.01,7931.99
7/18/2018,7315.01,7584.85,7229.89,15273.11,7378.99,8157.15
7/17/2018,6728.81,7472.5,6663.51,15108.63,7315.01,8401.01
7/16/2018,6348.73,6750,6330.3,8828.08,6728.81,7720.09
7/15/2018,6248.65,6385.35,6233.26,3669.02,6348.73,7397.8
7/14/2018,6216.29,6323.68,6187,2934.25,6248.65,7408
7/13/2018,6249.75,6335.09,6121.53,5827.07,6216.29,7334.46
7/12/2018,6390.04,6390.04,6075.01,8810.27,6249.75,7470.01
7/11/2018,6303.7,6400,6281.01,4926.29,6390.04,7378.99
7/10/2018,6664.01,6679.47,6279,7603.87,6303.7,7315.01
7/9/2018,6701.97,6815.82,6625,5072.92,6664.01,6728.81
7/8/2018,6753.28,6778.31,6671,3126.09,6701.97,6348.73
7/7/2018,6600,6843.26,6512,4201.2,6753.28,6248.65
7/6/2018,6532.95,6639,6452.2,4997.83,6600,6216.29
7/5/2018,6587.47,6700,6449.5,6719.91,6532.95,6249.75
7/4/2018,6502.62,6794.99,6411.51,6542.58,6587.47,6390.04
7/3/2018,6611.79,6673.99,6465,6352.02,6502.62,6303.7
7/2/2018,6349.5,6669.99,6270.01,8121.3,6611.79,6664.01
7/1/2018,6383.19,6424.14,6256.76,3880.62,6349.5,6701.97
6/30/2018,6202.36,6520.15,6185,6547.95,6383.19,6753.28
6/29/2018,5851.66,6300,5790.01,10629.32,6202.36,6600
6/28/2018,6132.17,6161.47,5818,7418.41,5851.66,6532.95
6/27/2018,6074.94,6175.43,5984.11,6792.7,6132.17,6587.47
6/26/2018,6246.01,6271,6024.99,6253.3,6074.94,6502.62
6/25/2018,6149.99,6340.01,6070.13,8807.46,6246.01,6611.79
6/24/2018,6178.29,6255.8,5777,12695.65,6149.99,6349.5
6/23/2018,6059.82,6250,6040.01,5908.17,6178.29,6383.19
6/22/2018,6719.01,6725,5921.21,16911.16,6059.82,6202.36
6/21/2018,6756.1,6787,6682.3,4182.1,6719.01,5851.66
6/20/2018,6736.41,6817,6557.66,6488.5,6756.1,6132.17
6/19/2018,6709.02,6829.06,6670.01,6092.32,6736.41,6074.94
6/18/2018,6447.16,6795,6385,7725.85,6709.02,6246.01
6/17/2018,6484.29,6570.01,6428.14,3250.28,6447.16,6149.99
6/16/2018,6391.22,6549.99,6330,4442.03,6484.29,6178.29
6/15/2018,6638.49,6659.99,6370,6903.72,6391.22,6059.82
6/14/2018,6302.32,6749.99,6269,14198.23,6638.49,6719.01
6/13/2018,6544.99,6618.95,6135,16938.07,6302.32,6756.1
6/12/2018,6881,6885.84,6450,10182.01,6544.99,6736.41
6/11/2018,6770.31,6913.83,6666.66,11514.71,6881,6709.02
6/10/2018,7496.4,7496.41,6652,17537.54,6770.31,6447.16
6/9/2018,7618.8,7679.61,7468,2591.37,7496.4,6484.29
6/8/2018,7684.93,7690,7536.58,3898.49,7618.8,6391.22
6/7/2018,7655,7747,7635,4978.29,7684.93,6638.49
6/6/2018,7612.51,7691,7484,5566.79,7655,6302.32
6/5/2018,7487.37,7677.5,7355,5599.22,7612.51,6544.99
6/4/2018,7706.37,7747.57,7447.61,5644.33,7487.37,6881
6/3/2018,7636.42,7777,7583.24,4706.08,7706.37,6770.31
6/2/2018,7514.32,7697.09,7440,4702.68,7636.42,7496.4
6/1/2018,7485,7599.99,7351.01,6726.93,7514.32,7618.8
5/31/2018,7380.01,7608.99,7340,5809.56,7485,7684.93
5/30/2018,7460,7557.78,7272.71,6003.96,7380.01,7655
5/29/2018,7107.94,7524.99,7058,10110.69,7460,7612.51
5/28/2018,7346.64,7444.8,7087,7387.64,7107.94,7487.37
5/27/2018,7337.95,7392.7,7229.01,4381.6,7346.64,7706.37
5/26/2018,7459.11,7640.46,7287.23,4391.64,7337.95,7636.42
5/25/2018,7584.15,7661.85,7326.94,8491.93,7459.11,7514.32
5/24/2018,7505,7734.99,7269,11033.72,7584.15,7485
5/23/2018,7987.7,8030,7433.19,14905.99,7505,7380.01
5/22/2018,8393.44,8400,7950,6589.43,7987.7,7460
5/21/2018,8516.86,8584.39,8309.23,4844.48,8393.44,7107.94
5/20/2018,8235.6,8596.74,8172,4273.42,8516.86,7346.64
5/19/2018,8238.51,8390,8152.54,4117.42,8235.6,7337.95
5/18/2018,8059,8279.63,7927.21,7715.22,8238.51,7459.11
5/17/2018,8344,8482.01,8001,7926.38,8059,7584.15
5/16/2018,8477.46,8500,8104.99,9914.22,8344,7505
5/15/2018,8670,8847,8420.45,10250.04,8477.46,7987.7
5/14/2018,8686.1,8880.01,8289.79,13418.34,8670,8393.44
5/13/2018,8475,8774.32,8345,6259.26,8686.1,8516.86
5/12/2018,8403.33,8658.57,8223.43,10792.17,8475,8235.6
5/11/2018,9010.51,9010.51,8351,15907.06,8403.33,8238.51
5/10/2018,9300.08,9386.31,9001.01,7218.76,9010.51,8059
5/9/2018,9177.81,9370,8960,8129.59,9300.08,8344
5/8/2018,9353,9463.13,9050,8950.5,9177.81,8477.46
5/7/2018,9600,9619.55,9162.85,9317.83,9353,8670
5/6/2018,9800,9880,9390,7112.87,9600,8686.1
5/5/2018,9685,9948.12,9660.28,8827.89,9800,8475
5/4/2018,9725.74,9743.87,9465,10013.2,9685,8403.33
5/3/2018,9190.48,9800,9131,13700.5,9725.74,9010.51
5/2/2018,9072.29,9250.04,8990,8212.95,9190.48,9300.08
5/1/2018,9243.83,9245.37,8831.21,10763.33,9072.29,9177.81
4/30/2018,9389.01,9446.98,9119,8320.14,9243.83,9353
4/29/2018,9329.99,9512.5,9179.99,7545.14,9389.01,9600
4/28/2018,8922.55,9440.01,8863.42,8413.13,9329.99,9800
4/27/2018,9272.11,9369,8910,11378.78,8922.55,9685
4/26/2018,8865.98,9318,8660,14759.34,9272.11,9725.74
4/25/2018,9648,9763.49,8602.43,29386.63,8865.98,9190.48
4/24/2018,8931.3,9728.56,8930,19437.27,9648,9072.29
4/23/2018,8795.01,8991,8775.1,7780.82,8931.3,9243.83
4/22/2018,8915.42,9015,8754.01,7215.69,8795.01,9389.01
4/21/2018,8866.27,9038.87,8610.7,11250.01,8915.42,9329.99
4/20/2018,8274,8932.56,8216.21,14891.29,8866.27,8922.55
4/19/2018,8152.05,8300,8105,11199.38,8274,9272.11
4/18/2018,7892.1,8243.99,7879.8,10071,8152.05,8865.98
4/17/2018,8048.93,8162.5,7822,10184.17,7892.1,9648
4/16/2018,8355.25,8398.98,7905.99,12617.3,8048.93,8931.3
4/15/2018,8003.11,8392.56,8003.11,9106.28,8355.25,8795.01
4/14/2018,7893.19,8150,7830,9036.54,8003.11,8915.42
4/13/2018,7916,8220,7760,20659.55,7893.19,8866.27
4/12/2018,6942.99,8050,6767.77,28395.32,7916,8274
4/11/2018,6824.99,6974,6806.01,7809.09,6942.99,8152.05
4/10/2018,6771.13,6893.29,6661.19,7126.47,6824.99,7892.1
4/9/2018,7020.01,7169.53,6617,12931.92,6771.13,8048.93
4/8/2018,6894.01,7099.99,6891.83,5869.72,7020.01,8355.25
4/7/2018,6619.01,7059,6605.08,9502.09,6894.01,8003.11
4/6/2018,6785.85,6847,6518.88,10149.64,6619.01,7893.19
4/5/2018,6791.68,6923.1,6574,13909.99,6785.85,7916
4/4/2018,7424.9,7424.91,6708.46,13910.56,6791.68,6942.99
4/3/2018,7045.01,7520,7017,17483.9,7424.9,6824.99
4/2/2018,6816.01,7100,6777.28,13713.65,7045.01,6771.13
4/1/2018,6928.5,7044.46,6450,14325.78,6816.01,7020.01
3/31/2018,6848.01,7200,6780.19,13622.58,6928.5,6894.01
3/30/2018,7079.99,7275.35,6600,27479.15,6848.01,6619.01
3/29/2018,7942.72,7957,6905,25708.79,7079.99,6785.85
3/28/2018,7793.61,8088,7727.76,10608.52,7942.72,6791.68
3/27/2018,8145,8219.99,7757,14466.67,7793.61,7424.9
3/26/2018,8453,8498,7858.1,18298.44,8145,7045.01
3/25/2018,8531.34,8670,8359.99,8511.92,8453,6816.01
3/24/2018,8927.1,8999,8508,11073.17,8531.34,6928.5
3/23/2018,8715.09,8927.81,8280.04,14212.8,8927.1,6848.01
3/22/2018,8891.81,9073.93,8467.27,13885.21,8715.09,7079.99
3/21/2018,8900,9174,8745,14536.32,8891.81,7942.72
3/20/2018,8589.01,9046.26,8316.99,18799.01,8900,7793.61
3/19/2018,8192,8750.61,8110,24075.67,8589.01,8145
3/18/2018,7857.6,8302.73,7310,29124.27,8192,8453
3/17/2018,8275,8349.82,7751,13146.15,7857.6,8531.34
3/16/2018,8259.99,8600,7911,16138.02,8275,8927.1
3/15/2018,8207.02,8400,7666,26426.13,8259.99,8715.09
3/14/2018,9145.41,9340,7931,25336.6,8207.02,8891.81
3/13/2018,9120,9472.88,8855,16059.63,9145.41,8900
3/12/2018,9533.88,9890,8780.49,19816.17,9120,8589.01
3/11/2018,8795.44,9760,8516,20534.85,9533.88,8192
3/10/2018,9255,9514,8727.68,16051.83,8795.44,7857.6
3/9/2018,9304.89,9410,8370,38841.8,9255,8275
3/8/2018,9925,10098,9050,21350.15,9304.89,8259.99
3/7/2018,10700,10894,9400,29225.23,9925,8207.02
3/6/2018,11377.54,11395.63,10565.85,16724.71,10700,9145.41
3/5/2018,11469.9,11645.74,11340,9470.43,11377.54,9120
3/4/2018,11432.5,11487,11045.03,7942.05,11469.9,9533.88
3/3/2018,11000,11494.57,11000,12066.71,11432.5,8795.44
3/2/2018,10895.92,11149,10765,12662.82,11000,9255
3/1/2018,10307.27,11075,10213.99,13824.45,10895.92,9304.89
2/28/2018,10566.57,11044,10263,17897.55,10307.27,9925
2/27/2018,10300,10845.07,10133.33,16465.19,10566.57,10700
2/26/2018,9597.99,10447.74,9404,17504.87,10300,11377.54
2/25/2018,9688.62,9850,9324.75,11129.51,9597.99,11469.9
2/24/2018,10144.99,10494.14,9372.72,18197.93,9688.62,11432.5
2/23/2018,9830,10390.77,9576.43,19664.01,10144.99,11000
2/22/2018,10454.27,10900,9715.27,26422.13,9830,10895.92
2/21/2018,11235.57,11278.81,10250,27910.71,10454.27,10307.27
2/20/2018,11140,11775,11000,24951.36,11235.57,10566.57
2/19/2018,10380.04,11274.11,10297.39,16154.08,11140,10300
2/18/2018,11121.5,11299.1,10159,24142.4,10380.04,9597.99
2/17/2018,10167.49,11149,10057,19222.9,11121.5,9688.62
2/16/2018,10031.23,10307.68,9729.58,16620.41,10167.49,10144.99
2/15/2018,9472.98,10249.81,9342.46,29789.74,10031.23,9830
2/14/2018,8520.01,9482.5,8520,22243.16,9472.98,10454.27
2/13/2018,8872.28,8925,8393.1,13139.47,8520.01,11235.57
2/12/2018,8072.99,8950,8072.99,18475.22,8872.28,11140
2/11/2018,8547.49,8547.49,7857.78,16176.24,8072.99,10380.04
2/10/2018,8671.01,9090,8155.01,22712.61,8547.49,11121.5
2/9/2018,8218.1,8700,7750,25750.68,8671.01,10167.49
2/8/2018,7575.75,8625,7550,29803.75,8218.1,10031.23
2/7/2018,7688.46,8649.88,7212.82,47816.08,7575.75,9472.98
2/6/2018,6905.19,7948.89,5873,85899.42,7688.46,8520.01
2/5/2018,8167.9,8349.16,6426.94,55053.58,6905.19,8872.28
2/4/2018,9240,9350,7859,22632.67,8167.9,8072.99
2/3/2018,8787.52,9499,8115.48,22376.49,9240,8547.49
2/2/2018,9010.61,9090,7540,47657.97,8787.52,8671.01
2/1/2018,10099.99,10166.25,8400,33299.38,9010.61,8218.1
1/31/2018,9995,10299.95,9601.02,18610.62,10099.99,7575.75
1/30/2018,11123.01,11150,9714.84,25138.03,9995,7688.46
1/29/2018,11536,11570,10840,10478.81,11123.01,6905.19
1/28/2018,11319,11695,11234.99,13109.53,11536,8167.9
1/27/2018,11086.89,11494.08,10850,11770.93,11319,9240
1/26/2018,11118,11570,10305,18029.05,11086.89,8787.52
1/25/2018,11356.79,11690,10851,12700.49,11118,9010.61
1/24/2018,10824.94,11450,10457,14157.04,11356.79,10099.99
1/23/2018,10766.7,11370,9945,20835.11,10824.94,9995
1/22/2018,11518.16,11849,10025,23186.08,10766.7,11123.01
1/21/2018,12762.8,12762.8,11118,15537.7,11518.16,11536
1/20/2018,11498.99,12985.55,11498.99,18087.06,12762.8,11319
1/19/2018,11305.53,11973.99,11050,15569.99,11498.99,11086.89
1/18/2018,11200.01,12123.1,10687.21,29065.2,11305.53,11118
1/17/2018,11570.01,12358.89,9010,60648.02,11200.01,11356.79
1/16/2018,13590,13643.66,9928.62,55998.79,11570.01,10824.94
1/15/2018,13656.23,14253,13416,9999.69,13590,10766.7
1/14/2018,14187.95,14332.85,13110,9965.91,13656.23,11518.16
1/13/2018,13820,14500,13792.25,9997.76,14187.95,12762.8
1/12/2018,13308.06,14080.83,12900,13970.64,13820,11498.99
1/11/2018,14875.18,14970,12800.01,25968.83,13308.06,11305.53
1/10/2018,14480.99,14875.18,13550.01,20897.79,14875.18,11200.01
1/9/2018,14993.74,15384,14230,14131.42,14480.99,11570.01
1/8/2018,16174.22,16275,14000,21174.24,14993.74,13590
1/7/2018,17099,17115.01,15755.01,10937.57,16174.22,13656.23
1/6/2018,16960.01,17174,16251.01,12927.52,17099,14187.95
1/5/2018,15144.99,17178,14824.05,20781.65,16960.01,13820
1/4/2018,15098.14,15400,14230,17980.39,15144.99,13308.06
1/3/2018,14781.51,15400,14628,16584.63,15098.14,14875.18
1/2/2018,13480.01,15275,13005,23957.87,14781.51,14480.99
1/1/2018,13863.13,13889,12952.5,11484.01,13480.01,14993.74
12/31/2017,12839.99,14280.26,12633.8,17428.57,13863.13,16174.22
12/30/2017,14565.05,14639.79,12500,25286.65,12839.99,17099
12/29/2017,14450.01,15105.34,14041.81,17235.04,14565.05,16960.01
12/28/2017,15367.08,15489,13500,27970.65,14450.01,15144.99
12/27/2017,15790.88,16490,14524.37,21861.4,15367.08,15098.14
12/26/2017,14171.98,16148,14171.98,20559.6,15790.88,14781.51
12/25/2017,14221.94,14774,13500,13602.12,14171.98,13480.01
12/24/2017,15065.51,15109.27,13210,22814.3,14221.94,13863.13
12/23/2017,14210.57,16261,13750,28360.96,15065.51,12839.99
12/22/2017,15758.8,15974.95,10400,90954.08,14210.57,14565.05
12/21/2017,16496.9,17364.57,15151,25674.46,15758.8,14450.01
12/20/2017,17838.73,17890,14301,41730.03,16496.9,15367.08
12/19/2017,19039,19099,16800,29056.67,17838.73,15790.88
12/18/2017,19378.99,19385,18200,23595.21,19039,14171.98
12/17/2017,19650,19891.99,19010,19314.07,19378.99,14221.94
12/16/2017,17738.67,19797,17630,22172.19,19650,15065.51
12/15/2017,16749.79,17899,16745,25934.43,17738.67,14210.57
12/14/2017,16689.61,17199.6,16256,15611.48,16749.79,15758.8
12/13/2017,17730.12,17900,15700,28665.95,16689.61,16496.9
12/12/2017,16885.75,18149.99,16375,33282.64,17730.12,17838.73
12/11/2017,15290.01,17493,15200,35856.43,16885.75,19039
12/10/2017,15309.98,16300,13501,45612.48,15290.01,19378.99
12/9/2017,16367.03,16499,13550,37067.06,15309.98,19650
12/8/2017,17390.01,17777.69,13788.99,62052.71,16367.03,17738.67
12/7/2017,14090,19650.65,13500,72755.19,17390.01,16749.79
12/6/2017,11718.35,14419.4,11717.5,46838.72,14090,16689.61
12/5/2017,11643.98,11875,11532,17078.85,11718.35,17730.12
12/4/2017,11290,11650,10950,19613.4,11643.98,16885.75
12/3/2017,10930.23,11891,10601,29475.97,11290,15290.01
12/2/2017,10869.84,11100,10701,19398.54,10930.23,15309.98
12/1/2017,9903,10937,9517,32322.41,10869.84,16367.03
11/30/2017,9935.98,10850,9135.6,39839.39,9903,17390.01
11/29/2017,9949,11485,8650,62321.44,9935.98,14090
11/28/2017,9768.71,9989.95,9705.99,18593.31,9949,11718.35
11/27/2017,9401.11,9795,9401,24658.82,9768.71,11643.98
11/26/2017,8795.5,9596,8795.5,27570.05,9401.11,11290
11/25/2017,8215.01,8795.5,8203.98,16269.41,8795.5,10930.23
11/24/2017,8031.16,8324,7900,14058.33,8215.01,10869.84
11/23/2017,8250,8274.98,8031.16,11596.65,8031.16,9903
11/22/2017,8109,8298.98,8103.13,13440.42,8250,9935.98
11/21/2017,8256.01,8375,7802.99,29873.68,8109,9949
11/20/2017,8031.82,8293.25,7969,15462.22,8256.01,9768.71
11/19/2017,7777.01,8098.62,7700,14101.48,8031.82,9401.11
11/18/2017,7714.71,7847.98,7502,14577.26,7777.01,8795.5
11/17/2017,7838.53,7988.5,7536,23476.28,7714.71,8215.01
11/16/2017,7294,7985.37,7130,28093.1,7838.53,8031.16
11/15/2017,6605,7349,6605,27181.18,7294,8250
11/14/2017,6535.87,6748,6465.41,19194.55,6605,8109
11/13/2017,5886.35,6841.45,5850,35180.6,6535.87,8256.01
11/12/2017,6346.7,6486,5511.11,49705.69,5886.35,8031.82
11/11/2017,6577.63,6894.99,6201.01,25106.49,6346.7,7777.01
11/10/2017,7156,7350,6426,31858.14,6577.63,7714.71
11/9/2017,7467.96,7470.01,7079,17655.54,7156,7838.53
11/8/2017,7126.63,7898,7031.66,36774.83,7467.96,7294
11/7/2017,6969.76,7232.84,6968.49,14304,7126.63,6605
11/6/2017,7392,7432.49,6900.73,22562.22,6969.76,6535.87
11/5/2017,7412.55,7630,7311.98,15549.4,7392,5886.35
11/4/2017,7170.01,7498,7011.1,13482.54,7412.55,6346.7
11/3/2017,7039.99,7449.99,6955.89,23544.34,7170.01,6577.63
11/2/2017,6783.69,7445,6759,34494.67,7039.99,7156
11/1/2017,6445.01,6783.69,6365.54,20253.34,6783.69,7467.96
10/31/2017,6124.16,6472.13,6099,14184.69,6445.01,7126.63
10/30/2017,6140.01,6200,6028,8166.08,6124.16,6969.76
10/29/2017,5752.01,6296,5728,11846.4,6140.01,7392
10/28/2017,5780,5894,5715,5410.22,5752.01,7412.55
10/27/2017,5891.61,5998,5708.8,9127.48,5780,7170.01
10/26/2017,5739.97,5985,5701,11321.8,5891.61,7039.99
10/25/2017,5525.43,5765,5376.71,13672.23,5739.97,6783.69
10/24/2017,5905.99,5906,5462.19,17736.3,5525.43,6445.01
10/23/2017,6005.05,6057.02,5650.98,16263.88,5905.99,6124.16
10/22/2017,6024.86,6082.3,5755.95,10547.92,6005.05,6140.01
10/21/2017,5989.1,6189.1,5868.26,14273.15,6024.86,5752.01
10/20/2017,5704.01,6063.99,5630,16368.68,5989.1,5780
10/19/2017,5574.44,5750,5529.44,8748.55,5704.01,5891.61
10/18/2017,5594,5600,5102,17239.89,5574.44,5739.97
10/17/2017,5754.9,5769.99,5525,8715.92,5594,5525.43
10/16/2017,5693.7,5785.3,5575.55,8780.96,5754.9,5905.99
10/15/2017,5819.13,5849.83,5455.5,11691.8,5693.7,6005.05
10/14/2017,5624.8,5839.8,5567.86,8956.46,5819.13,6024.86
10/13/2017,5440,5867,5390,25811.46,5624.8,5989.1
10/12/2017,4814.99,5440.92,4809.59,19732.58,5440,5704.01
10/11/2017,4750,4869.97,4720.21,7206.03,4814.99,5574.44
10/10/2017,4769.55,4925.65,4701.53,13478.05,4750,5594
10/9/2017,4603.49,4875.39,4561,13964.95,4769.55,5754.9
10/8/2017,4425,4612,4420.01,7061.5,4603.49,5693.7
10/7/2017,4362.99,4449.42,4320,4030.37,4425,5819.13
10/6/2017,4320.04,4407,4299.99,6378.97,4362.99,5624.8
10/5/2017,4214.84,4364.59,4150.01,6376.05,4320.04,5440
10/4/2017,4307.99,4344,4179.99,6228.33,4214.84,4814.99
10/3/2017,4392.71,4419.95,4242,10224.79,4307.99,4750
10/2/2017,4394.81,4470,4354.99,8419.64,4392.71,4769.55
10/1/2017,4339,4396.99,4256.92,5295.5,4394.81,4603.49
9/30/2017,4156.99,4356.28,4143.52,6098.67,4339,4425
9/29/2017,4189.42,4212.99,4015.17,10171.48,4156.99,4362.99
9/28/2017,4200,4269.95,4122,7742.77,4189.42,4320.04
9/27/2017,3885.09,4228.39,3880.36,11758.34,4200,4214.84
9/26/2017,3919.78,3960,3854.29,5852.48,3885.09,4307.99
9/25/2017,3669.01,3969.37,3669.01,9249.85,3919.78,4392.71
9/24/2017,3787.33,3789.36,3630.01,4616.12,3669.01,4394.81
9/23/2017,3619.01,3818.89,3580,6515.95,3787.33,4339
9/22/2017,3617.47,3767.77,3509.79,12552.38,3619.01,4156.99
9/21/2017,3867.05,3903.57,3571,14575.36,3617.47,4189.42
9/20/2017,3910.11,4044,3850.01,9809.81,3867.05,4200
9/19/2017,4100,4125.22,3850.44,13483.26,3910.11,3885.09
9/18/2017,3719.97,4130,3717.56,16833.07,4100,3919.78
9/17/2017,3726.51,3841,3475.64,11592.24,3719.97,3669.01
9/16/2017,3740.02,4042.98,3600,18529.74,3726.51,3787.33
9/15/2017,3250.4,3894.48,2975.01,53365.89,3740.02,3619.01
9/14/2017,3855.32,3923,3230.05,35375.4,3250.4,3617.47
9/13/2017,4164.52,4174.53,3726,22314.17,3855.32,3867.05
9/12/2017,4210.72,4375.37,4080,12054.71,4164.52,3910.11
9/11/2017,4251.36,4365,4111.14,9037.83,4210.72,4100
9/10/2017,4334.36,4349.99,4139,10061.08,4251.36,3719.97
9/9/2017,4350,4449.95,4180,9821.45,4334.36,3726.51
9/8/2017,4624.18,4679.99,4140,21495.34,4350,3740.02
9/7/2017,4616.18,4665.44,4475.01,8402.48,4624.18,3250.4
9/6/2017,4432.51,4692,4431,15975.31,4616.18,3855.32
9/5/2017,4498.25,4514.95,4242.38,17081.16,4432.51,4164.52
9/4/2017,4626.05,4628.05,4234.16,20043.59,4498.25,4210.72
9/3/2017,4649.99,4749.99,4524,11393.09,4626.05,4251.36
9/2/2017,4947.99,4980,4500,19262.07,4649.99,4334.36
9/1/2017,4743.94,4948,4706,16664.55,4947.99,4350
8/31/2017,4581.98,4769.03,4580.85,13483.89,4743.94,4624.18
8/30/2017,4599,4635.21,4500.55,10230.63,4581.98,4616.18
8/29/2017,4384.99,4656.83,4350,14176.56,4599,4432.51
8/28/2017,4340.11,4396,4200,10067.66,4384.99,4498.25
8/27/2017,4344.32,4392,4309.87,7031.84,4340.11,4626.05
8/26/2017,4360,4374.39,4260.01,6123.33,4344.32,4649.99
8/25/2017,4312.03,4453.9,4284.01,10907.41,4360,4947.99
8/24/2017,4143.49,4349.99,4112.76,10245.72,4312.03,4743.94
8/23/2017,4092,4247.88,4058.26,11731.12,4143.49,4581.98
8/22/2017,4002,4145,3583.46,21882.51,4092,4599
8/21/2017,4050.99,4089.99,3950.88,12407.92,4002,4384.99
8/20/2017,4157.41,4190.21,4044.52,8316.8,4050.99,4340.11
8/19/2017,4101.72,4186.1,4000,10488.38,4157.41,4344.32
8/18/2017,4280.01,4350,3960.47,20732.84,4101.72,4360
8/17/2017,4370.01,4469,4180,19967.11,4280.01,4312.03
8/16/2017,4159.93,4385.5,3928.82,17943.01,4370.01,4143.49
8/15/2017,4320.6,4434.42,3807.14,31972.64,4159.93,4092
8/14/2017,4060.47,4328,3985.01,20028.5,4320.6,4002
8/13/2017,3874,4200,3850,23497.53,4060.47,4050.99
8/12/2017,3656.15,3974,3622.87,18959.75,3874,4157.41
8/11/2017,3444.98,3725,3416.86,15282.54,3656.15,4101.72
8/10/2017,3342.8,3448,3317,9346.69,3444.98,4280.01
8/9/2017,3422.43,3428.29,3232.62,13069.77,3342.8,4370.01
8/8/2017,3398.23,3489,3349.91,15999.81,3422.43,4159.93
8/7/2017,3222.22,3416,3190,11321.74,3398.23,4320.6
8/6/2017,3243.49,3278.42,3150,8658.64,3222.22,4060.47
8/5/2017,2857.34,3335,2857.34,21555.81,3243.49,3874
8/4/2017,2787.02,2877.79,2760,7713.12,2857.34,3656.15
8/3/2017,2699.9,2799,2699.89,7425.48,2787.02,3444.98
8/2/2017,2732.59,2758.06,2650,8419.36,2699.9,3342.8
8/1/2017,2856.88,2925,2676.01,9748.05,2732.59,3422.43
7/31/2017,2723.99,2900,2700,11457.38,2856.88,3398.23
7/30/2017,2700.21,2739.98,2500,8285.65,2723.99,3222.22
7/29/2017,2786.07,2790.99,2656,9852.05,2700.21,3243.49
7/28/2017,2664.99,2825.11,2655.55,17160.15,2786.07,2857.34
7/27/2017,2525.99,2686.2,2514.1,10034,2664.99,2787.02
7/26/2017,2564,2614,2403,13004.94,2525.99,2699.9
7/25/2017,2762.26,2782.44,2449.69,19184.97,2564,2732.59
7/24/2017,2754.28,2799.2,2726.8,8089.48,2762.26,2856.88
7/23/2017,2825.27,2848,2691,10163.6,2754.28,2723.99
7/22/2017,2657.45,2869.88,2646.95,12218.23,2825.27,2700.21
7/21/2017,2873.48,2880,2608.27,23000.12,2657.45,2786.07
7/20/2017,2258.99,2957,2258.99,36426.12,2873.48,2664.99
7/19/2017,2308.15,2396,2216,18554.91,2258.99,2525.99
7/18/2017,2235.19,2393.43,2134.37,23757.42,2308.15,2564
7/17/2017,1910.86,2238.07,1909.58,21417.42,2235.19,2762.26
7/16/2017,1964.31,2043.94,1758.2,21724.33,1910.86,2754.28
7/15/2017,2217.24,2224.82,1964.31,16317.36,1964.31,2825.27
7/14/2017,2340,2349.28,2150,13545.78,2217.24,2657.45
7/13/2017,2383.42,2416.79,2308.14,9541.54,2340,2873.48
7/12/2017,2310.01,2415,2250,13833.16,2383.42,2258.99
7/11/2017,2331.05,2410,2265,15656.53,2310.01,2308.15
7/10/2017,2508.99,2523,2250,15546.11,2331.05,2235.19
7/9/2017,2561.11,2579.84,2500,5641.13,2508.99,1910.86
7/8/2017,2501.15,2563.5,2471.22,7863.7,2561.11,1964.31
7/7/2017,2604.84,2607.61,2472,11633.51,2501.15,2217.24
7/6/2017,2616.96,2623.54,2580.69,8196.24,2604.84,2340
7/5/2017,2602,2630.24,2551.06,10180.98,2616.96,2383.42
7/4/2017,2542.41,2636.1,2542.18,10674.88,2602,2310.01
7/3/2017,2516.66,2584.78,2479.75,10044.25,2542.41,2331.05
7/2/2017,2423.63,2545,2385,9074.98,2516.66,2508.99
7/1/2017,2455.19,2515,2400,8439.3,2423.63,2561.11
6/30/2017,2530,2554.01,2446.2,11858.83,2455.19,2501.15
6/29/2017,2553.25,2591.98,2506.1,9044.52,2530,2604.84
6/28/2017,2575.75,2605,2457,16231.45,2553.25,2616.96
6/27/2017,2407.91,2575.75,2264,22136.58,2575.75,2602
6/26/2017,2505.61,2563.9,2258.34,20235.14,2407.91,2542.41
6/25/2017,2574.84,2625,2430.05,13731.2,2505.61,2516.66
6/24/2017,2690.76,2718.37,2503.05,12805.31,2574.84,2423.63
6/23/2017,2679.99,2743,2665,9672.18,2690.76,2455.19
6/22/2017,2643.35,2724.69,2598,12169.41,2679.99,2530
6/21/2017,2725.08,2781.59,2559.51,17851.81,2643.35,2553.25
6/20/2017,2596.98,2776.95,2585.42,19187.68,2725.08,2575.75
6/19/2017,2515.25,2597,2481.92,13918.48,2596.98,2407.91
6/18/2017,2634.94,2670,2455.01,13824.24,2515.25,2505.61
6/17/2017,2480.43,2679.24,2413.96,17580.33,2634.94,2574.84
6/16/2017,2409.98,2524.65,2287.84,21883.35,2480.43,2690.76
6/15/2017,2432.21,2525,2050,41961.04,2409.98,2679.99
6/14/2017,2709.01,2827,2330,28214.96,2432.21,2643.35
6/13/2017,2655.71,2798.99,2649.47,19700.56,2709.01,2725.08
6/12/2017,2998.98,2999.99,2463.89,38782.22,2655.71,2596.98
6/11/2017,2932.44,2998.99,2881,16284.9,2998.98,2515.25
6/10/2017,2811.39,2942.04,2801.25,18725.26,2932.44,2634.94
6/9/2017,2799.73,2861.58,2786.2,11436.76,2811.39,2480.43
6/8/2017,2685.64,2808.78,2611.41,13441.89,2799.73,2409.98
6/7/2017,2871.29,2885,2598.7,19455.78,2685.64,2432.21
6/6/2017,2698,2938.55,2674.69,28585.64,2871.29,2709.01
6/5/2017,2521.36,2698,2517.02,13555.2,2698,2655.71
6/4/2017,2548.05,2556.1,2469.98,13818.9,2521.36,2998.98
6/3/2017,2478.99,2599,2448,13422.99,2548.05,2932.44
6/2/2017,2419.99,2478.99,2379.44,12886.75,2478.99,2811.39
6/1/2017,2303.29,2488,2302,21374.75,2419.99,2799.73
5/31/2017,2191.58,2338.91,2173.8,21703.01,2303.29,2685.64
5/30/2017,2279.48,2336.88,2112.31,20903.19,2191.58,2871.29
5/29/2017,2232.78,2357.86,2141.12,16913.03,2279.48,2698
5/28/2017,2099.99,2342.99,2099.86,18325.71,2232.78,2521.36
5/27/2017,2272.7,2353.35,1913.19,32405.36,2099.99,2548.05
5/26/2017,2355,2683.18,2052.01,31456.5,2272.7,2478.99
5/25/2017,2432.97,2806,2226.86,37154.19,2355,2419.99
5/24/2017,2272.75,2474.69,2266.51,24634.04,2432.97,2303.29
5/23/2017,2123.29,2283,2100.86,17597.47,2272.75,2191.58
5/22/2017,2057,2298,1975,29386.37,2123.29,2279.48
5/21/2017,2058.91,2102.68,1988.6,17754.97,2057,2232.78
5/20/2017,1976.23,2059,1970.04,13162.08,2058.91,2099.99
5/19/2017,1899.16,1980,1890.73,18952.5,1976.23,2272.7
5/18/2017,1813.23,1900,1800,11374.67,1899.16,2355
5/17/2017,1777.48,1840,1745.05,13798.13,1813.23,2432.97
5/16/2017,1747.81,1777.76,1690.14,11410.4,1777.48,2272.75
5/15/2017,1799.99,1802.99,1702.42,10184.06,1747.81,2123.29
5/14/2017,1792.73,1829,1763.33,6805,1799.99,2057
5/13/2017,1695.61,1792.96,1610,12343.39,1792.73,2058.91
5/12/2017,1837.93,1838,1651.01,16510.26,1695.61,1976.23
5/11/2017,1794.99,1889,1770.95,15706.28,1837.93,1899.16
5/10/2017,1720.43,1799.99,1691.3,13454.3,1794.99,1813.23
5/9/2017,1713,1794.7,1630,19681.55,1720.43,1777.48
5/8/2017,1609.57,1713,1608,15881.13,1713,1747.81
5/7/2017,1585.39,1618.31,1563.87,11731.35,1609.57,1799.99
5/6/2017,1551.3,1598.89,1551.3,9365.65,1585.39,1792.73
5/5/2017,1563.39,1630,1535.11,16885.42,1551.3,1695.61
5/4/2017,1533,1665,1482.06,26688.81,1563.39,1837.93
5/3/2017,1471.99,1533,1453.68,16309.77,1533,1794.99
5/2/2017,1436.5,1492.93,1426.51,11924.59,1471.99,1720.43
5/1/2017,1384.55,1466.69,1370.98,16970.38,1436.5,1713
4/30/2017,1365.43,1394.51,1334.02,10404.38,1384.55,1609.57
4/29/2017,1353.34,1369.5,1335.64,9662.11,1365.43,1585.39
4/28/2017,1349.26,1381.01,1300.2,13987.65,1353.34,1551.3
4/27/2017,1298.44,1360,1295.39,10484.74,1349.26,1563.39
4/26/2017,1281.16,1320,1279.5,9594.48,1298.44,1533
4/25/2017,1257.29,1287,1256.16,8116.55,1281.16,1471.99
4/24/2017,1251.98,1261.16,1246.31,5899.56,1257.29,1436.5
4/23/2017,1247,1254,1236.2,5020.57,1251.98,1384.55
4/22/2017,1249.99,1253,1221.51,6146.72,1247,1365.43
4/21/2017,1236.15,1258.77,1236.15,6666.81,1249.99,1353.34
4/20/2017,1214.21,1240.6,1212.01,7744.55,1236.15,1349.26
4/19/2017,1201.94,1215.32,1191.09,6271.07,1214.21,1298.44
4/18/2017,1189.91,1206.65,1189.76,6267.85,1201.94,1281.16
4/17/2017,1177.99,1197.6,1170.85,6546.71,1189.91,1257.29
4/16/2017,1178.85,1189.93,1171.7,3082.06,1177.99,1251.98
4/15/2017,1173.74,1190.99,0.06,3969.63,1178.85,1247
4/14/2017,1177.05,1196.92,1170.14,5666.05,1173.74,1249.99
4/13/2017,1214.17,1219.49,1148.98,9425.11,1177.05,1236.15
4/12/2017,1223.99,1227.86,1209.61,6491.4,1214.17,1214.21
4/11/2017,1210,1234,1200,5480.34,1223.99,1201.94
4/10/2017,1210.97,1219.78,1201,5640.01,1210,1189.91
4/9/2017,1184.5,1221,1175.8,5807.85,1210.97,1177.99
4/8/2017,1194,1198,1170,4413.74,1184.5,1178.85
4/7/2017,1192.3,1203,1175.26,6982.52,1194,1173.74
4/6/2017,1132.99,1206.97,1132.98,11217.35,1192.3,1177.05
4/5/2017,1143.99,1144.99,1114.9,8699.48,1132.99,1214.17
4/4/2017,1152.6,1164.14,1124.98,8956.84,1143.99,1223.99
4/3/2017,1113.99,1168.72,1112.24,12693.53,1152.6,1210
4/2/2017,1092,1119,1080,7881.93,1113.99,1210.97
4/1/2017,1088.99,1110.95,1071.45,6728.76,1092,1184.5
3/31/2017,1042.08,1094.49,1038.11,11267.16,1088.99,1194
3/30/2017,1043.27,1052.94,1022,8279.23,1042.08,1192.3
3/29/2017,1045.4,1058.16,1005.77,8674.7,1043.27,1132.99
3/28/2017,1042.08,1069.39,1016.25,9053.57,1045.4,1143.99
3/27/2017,973.08,1045.9,961.1,10224.27,1042.08,1152.6
3/26/2017,963.72,1005,943.9,9477.98,973.08,1113.99
3/25/2017,934.87,973.99,890.05,16659.78,963.72,1092
3/24/2017,1025.14,1030.3,920.1,18942.25,934.87,1088.99
3/23/2017,1034.57,1057.41,1013,7782.51,1025.14,1042.08
3/22/2017,1114.42,1114.96,985.17,14562.11,1034.57,1043.27
3/21/2017,1044.96,1120,1042.68,12220.65,1114.42,1045.4
3/20/2017,1019.49,1051.97,1011,8917.53,1044.96,1042.08
3/19/2017,970,1062.92,961.59,13459.28,1019.49,973.08
3/18/2017,1069.57,1096,919.44,23802.32,970,963.72
3/17/2017,1175.11,1175.11,1065.74,19180.33,1069.57,934.87
3/16/2017,1263,1277.27,1117.77,16563.41,1175.11,1025.14
3/15/2017,1247.42,1264.55,1240,7231.55,1263,1034.57
3/14/2017,1245.5,1262,1213.55,7361.42,1247.42,1114.42
3/13/2017,1235.58,1249,1206,9305.89,1245.5,1044.96
3/12/2017,1188.11,1244,1150,6647.29,1235.58,1019.49
3/11/2017,1109.01,1219,1107,10245.5,1188.11,970
3/10/2017,1197.3,1360,956.85,24876.28,1109.01,1069.57
3/9/2017,1150.22,1214.95,1131.11,8439.14,1197.3,1175.11
3/8/2017,1237.36,1246,1128,12878.03,1150.22,1263
3/7/2017,1284.99,1288,1050,10495.65,1237.36,1247.42
3/6/2017,1278.98,1288,1268.78,4750.05,1284.99,1245.5
3/5/2017,1273.97,1278.99,1247.11,3982.89,1278.98,1235.58
3/4/2017,1292.86,1294.48,1226.41,6365.75,1273.97,1188.11
3/3/2017,1269.17,1294.99,1255.61,8284.43,1292.86,1109.01
3/2/2017,1230,1298.61,1220,8889.98,1269.17,1197.3
3/1/2017,1195.08,1230,1085.71,8122.55,1230,1150.22
2/28/2017,1195.81,1214.94,1179.64,6719.3,1195.08,1237.36
2/27/2017,1184.91,1198.99,1176,5745.59,1195.81,1284.99
2/26/2017,1158,1187.33,1130.88,4446.08,1184.91,1278.98
2/25/2017,1186.91,1189.49,1110,5951.95,1158,1273.97
2/24/2017,1186.9,1221.93,1103.32,12632.88,1186.91,1292.86
2/23/2017,1128.71,1197,1128.22,7536.2,1186.9,1269.17
2/22/2017,1128.29,1140,1104.9,6034.25,1128.71,1230
2/21/2017,1089.86,1132.95,1081.95,7483.04,1128.29,1195.08
2/20/2017,1059.88,1095,1051.36,4430.97,1089.86,1195.81
2/19/2017,1062.15,1067.78,1051.26,3021.63,1059.88,1184.91
2/18/2017,1057.3,1073.8,1055.6,3934.58,1062.15,1158
2/17/2017,1038.94,1064.6,1036.29,6333.71,1057.3,1186.91
2/16/2017,1014.53,1041.88,1013.02,5993.8,1038.94,1186.9
2/15/2017,1012.23,1016,1007.66,4421.87,1014.53,1128.71
2/14/2017,1002.56,1018.97,992.27,5719.72,1012.23,1128.29
2/13/2017,1010,1021.5,985.68,4669.88,1002.56,1089.86
2/12/2017,1018.43,1019.1,1008,1314.42,1010,1059.88
2/11/2017,1003.97,1023.89,995.49,4377.32,1018.43,1062.15
2/10/2017,985,1008,961,7992.25,1003.97,1057.3
2/9/2017,1059.14,1079,925,16261.21,985,1038.94
2/8/2017,1053.97,1069.95,1016.49,6899.97,1059.14,1014.53
2/7/2017,1024.39,1058.26,1020.82,5566.34,1053.97,1012.23
2/6/2017,1019.31,1027.7,1014.64,4227.33,1024.39,1002.56
2/5/2017,1035.84,1036.3,1003.02,4675.46,1019.31,1010
2/4/2017,1016.77,1044.12,1001.8,4823.76,1035.84,1018.43
2/3/2017,1007.66,1024.5,994.34,6731.61,1016.77,1003.97
2/2/2017,989.71,1010,978.74,5623.69,1007.66,985
2/1/2017,970.92,991.38,963.84,5983.96,989.71,1059.14
1/31/2017,923.45,971.24,922.83,6624.94,970.92,1053.97
1/30/2017,917.31,923.95,914.69,3678.36,923.45,1024.39
1/29/2017,924.7,927.47,915,2498.61,917.31,1019.31
1/28/2017,923.4,925.5,921.5,2666.66,924.7,1035.84
1/27/2017,917.93,924.47,911,3705.4,923.4,1016.77
1/26/2017,896.81,921.95,896,4673.88,917.93,1007.66
1/25/2017,894.86,903.98,880,4570.62,896.81,989.71
1/24/2017,924.24,924.24,888.2,6319.11,894.86,970.92
1/23/2017,924.98,931.33,915.31,3908.89,924.24,923.45
1/22/2017,925.36,946.25,902,4915.78,924.98,917.31
1/21/2017,894.05,930,891.28,4545.67,925.36,924.7
1/20/2017,901,904.59,890,3073.67,894.05,923.4
1/19/2017,880,907,879.2,5127.03,901,917.93
1/18/2017,907.58,916.7,850,6654.7,880,896.81
1/17/2017,831.89,909,830.02,7258.23,907.58,894.86
1/16/2017,830,840,826.03,3404.59,831.89,924.24
1/15/2017,829.62,832.95,819,2806.12,830,924.98
1/14/2017,830.79,847.52,822.34,4693.73,829.62,925.36
1/13/2017,822.64,835.01,782.85,10564.13,830.79,894.05
1/12/2017,801.5,840,734.64,13216.41,822.64,901
1/11/2017,907.53,923.98,765,19216.16,801.5,880
1/10/2017,905.41,915.1,899.01,7012.14,907.53,907.58
1/9/2017,916.6,923.58,886.42,5960.04,905.41,831.89
1/8/2017,903.7,953.8,899.16,5389.5,916.6,830
1/7/2017,894.93,910,815.36,10653.91,903.7,829.62
1/6/2017,995.05,1033.85,875.01,14144.34,894.93,830.79
1/5/2017,1133,1175,880,20433.13,995.05,822.64
1/4/2017,1035.19,1147,1018,16438.41,1133,801.5
1/3/2017,1019.01,1036.69,1006.71,7970.31,1035.19,907.53
1/2/2017,996.82,1034.39,986.86,7657.44,1019.01,905.41
1/1/2017,970.47,1000,964.37,4380.47,996.82,916.6
12/31/2016,962.63,971.53,949,3880.36,970.47,903.7
12/30/2016,976.75,978.77,930.3,8055.58,962.63,894.93
12/29/2016,981.92,988.88,950.5,8959.68,976.75,995.05
12/28/2016,921.59,981.92,921.58,9644.81,981.92,1133
12/27/2016,901.98,943.36,895,6605.24,921.59,1035.19
12/26/2016,896.73,908.24,890,3337.4,901.98,1019.01
12/25/2016,887,897.09,851.11,5217.17,896.73,996.82
12/24/2016,915.5,918.5,880.1,6494.37,887,970.47
12/23/2016,858.01,918,853.6,12611.27,915.5,962.63
12/22/2016,828.58,875.75,826.23,8904.03,858.01,976.75
12/21/2016,797.99,832,797.98,8332.09,828.58,981.92
12/20/2016,789.91,798,788.58,5825.84,797.99,921.59
12/19/2016,790,794.99,789,5344.13,789.91,901.98
12/18/2016,790.07,791.96,787.19,3023.1,790,896.73
12/17/2016,785,791.97,779.5,4379.17,790.07,887
12/16/2016,775,785,774.8,5541.5,785,915.5
12/15/2016,777.72,780,775,5877.17,775,858.01
12/14/2016,779.79,781.8,773.2,4488.82,777.72,828.58
12/13/2016,778.71,790.3,772.76,5304.5,779.79,797.99
12/12/2016,770.9,782,770.76,4353.46,778.71,789.91
12/11/2016,775.98,776.18,765,3060.01,770.9,790
12/10/2016,771.77,776.99,770,3431.35,775.98,790.07
12/9/2016,768.35,772.87,765.83,3916.95,771.77,785
12/8/2016,766.07,772.82,761.71,4743.95,768.35,775
12/7/2016,764.3,768.9,762.21,2170.38,766.07,777.72
12/6/2016,753.36,757.15,752,1222.47,755.73,779.79
12/5/2016,766.96,767.99,748.6,4829.26,753.36,778.71
12/4/2016,766.52,769.76,762.83,2659.75,766.96,770.9
12/3/2016,771.54,772.53,759,3289.9,766.52,775.98
12/2/2016,753.57,780,753.26,5889.3,771.54,771.77
12/1/2016,742.6,754.9,741.59,4159.29,753.57,768.35
11/30/2016,731.8,745,729.17,3919.4,742.6,766.07
11/29/2016,730.27,734.36,728.2,3825.88,731.8,755.73
11/28/2016,729.01,736.44,728.74,3790.89,730.27,753.36
11/27/2016,735.83,737.95,728.01,2613.1,729.01,766.96
11/26/2016,739,739.99,726,2723.44,735.83,766.52
11/25/2016,737.99,739,729,3088.94,739,771.54
11/24/2016,741.76,743.99,727,3497.94,737.99,753.57
11/23/2016,747,747.12,734,3627.33,741.76,742.6
11/22/2016,735.81,748.77,726.38,3984.94,747,731.8
11/21/2016,731,738.47,730,2951.25,735.81,730.27
11/20/2016,750.38,753.81,715,4277.5,731,729.01
11/19/2016,747.8,752.3,738,2981.81,750.38,735.83
11/18/2016,736.57,751,728.89,4804.44,747.8,739
11/17/2016,737.55,750.01,729.01,4124.02,736.57,737.99
11/16/2016,712.41,743.8,710,6034.32,737.55,741.76
11/15/2016,705.52,716.3,671.23,4403.4,712.41,747
11/14/2016,703.98,708.57,695.07,4797.58,705.52,735.81
11/13/2016,704.67,705.94,685.7,4166.31,703.98,731
11/12/2016,714.77,716.99,702.42,3125.27,704.67,750.38
11/11/2016,712.28,718.99,711.56,3334.54,714.77,747.8
11/10/2016,721,723.61,705.84,4382.38,712.28,736.57
11/9/2016,712.57,747.26,710.05,11991.35,721,737.55
11/8/2016,706.82,716.45,704.16,4426.48,712.57,712.41
11/7/2016,716.83,718.2,701.35,4063.11,706.82,705.52
11/6/2016,706.9,719.83,705.86,2954.12,716.83,703.98
11/5/2016,705.7,707.99,697.72,2994.26,706.9,704.67
11/4/2016,688.93,708.33,683.8,5339.37,705.7,714.77
11/3/2016,735.5,746.16,672.06,10308.26,688.93,712.28
11/2/2016,731.16,735.5,720,4900.69,735.5,721
11/1/2016,699.68,737.5,695.74,6901.4,731.16,712.57
10/31/2016,697.65,709.68,681.01,4483.62,699.68,706.82
10/30/2016,717.9,718,692.04,3731.47,697.65,716.83
10/29/2016,689.65,725.64,688.89,6530.77,717.9,706.9
10/28/2016,685.57,692.41,683.2,4606.4,689.65,705.7
10/27/2016,674,692.01,673.28,6528.32,685.57,688.93
10/26/2016,649.07,678,649.07,5829.22,674,735.5
10/25/2016,649.75,657.5,648.99,4776.95,649.07,731.16
10/24/2016,650.54,652.93,645.81,3631.3,649.75,699.68
10/23/2016,655,655.8,645.33,3031.31,650.54,697.65
10/22/2016,629.76,658,629.32,4535.76,655,717.9
10/21/2016,627.83,633.41,627.5,4216.33,629.76,689.65
10/20/2016,629.68,629.99,626.01,4066.85,627.83,685.57
10/19/2016,634.97,636.99,625.6,4495.62,629.68,674
10/18/2016,638.96,640,632.15,4078.62,634.97,649.07
10/17/2016,642.53,643.47,636.27,3898.77,638.96,649.75
10/16/2016,637.51,643.91,637.51,2461.82,642.53,650.54
10/15/2016,638,639.99,636,684.15,637.51,655
10/14/2016,635.86,639.99,624.08,4411.45,638,629.76
10/13/2016,636.92,639.85,632,3867.82,635.86,627.83
10/12/2016,643.83,647.03,631.91,4493.04,636.92,629.68
10/11/2016,618.31,643.83,618.08,6127.14,643.83,634.97
10/10/2016,617.58,619.2,615.46,3855.57,618.31,638.96
10/9/2016,619.59,619.59,617,2294.62,617.58,642.53
10/8/2016,617.32,620,617.1,2798.31,619.59,637.51
10/7/2016,611.83,618.7,609.89,5081.4,617.32,638
10/6/2016,613.35,613.44,610.3,3868.36,611.83,635.86
10/5/2016,609.25,614.24,609.22,4427.98,613.35,636.92
10/4/2016,612.95,613.23,606.93,4959.1,609.25,643.83
10/3/2016,612.41,615.24,610.7,4282.64,612.95,618.31
10/2/2016,616,616,608.66,2898.23,612.41,617.58
10/1/2016,607.65,617.19,607.6,3487.91,616,619.59
9/30/2016,605.07,607.65,604.92,4626.36,607.65,617.32
9/29/2016,604.98,606.89,603.56,4060.87,605.07,611.83
9/28/2016,605.3,606,603.18,3650.93,604.98,613.35
9/27/2016,606.82,607.54,601.38,4356.03,605.3,609.25
9/26/2016,601.35,607.99,600.02,4220.87,606.82,612.95
9/25/2016,603.69,605.99,599.42,2528.64,601.35,612.41
9/24/2016,602.68,605.94,601.08,2661.79,603.69,616
9/23/2016,595.25,603.3,595.14,3773.33,602.68,607.65
9/22/2016,596.95,598.54,594.78,3983.13,595.25,605.07
9/21/2016,608.98,609.92,592.63,5205.29,596.95,604.98
9/20/2016,608.94,609.88,607.15,4275.58,608.98,605.3
9/19/2016,610.99,612.46,607.4,3011.09,608.94,606.82
9/18/2016,607.83,611.93,607.22,3099.56,610.99,601.35
9/17/2016,607.75,608.99,604,2874.48,607.83,603.69
9/16/2016,607.01,608.1,603.15,4232.67,607.75,602.68
9/15/2016,608.95,609.49,603.85,3809.3,607.01,595.25
9/14/2016,608.24,611.99,607.59,3746.32,608.95,596.95
9/13/2016,607.48,609.99,605.16,3853.46,608.24,608.98
9/12/2016,607.25,609.45,603,3922.28,607.48,608.94
9/11/2016,625.1,630.11,591.8,4323.03,607.25,610.99
9/10/2016,622.6,626.54,620.59,2734.98,625.1,607.83
9/9/2016,628.77,628.77,618.25,4453.85,622.6,607.75
9/8/2016,614.59,631.3,613.43,5252.72,628.77,607.01
9/7/2016,612.37,618.53,609.21,4593.72,614.59,608.95
9/6/2016,606.19,612.8,605.47,4143.07,612.37,608.24
9/5/2016,611.82,611.99,601.63,2988.3,606.19,607.48
9/4/2016,600.58,617.13,597.52,4608.39,611.82,607.25
9/3/2016,575.38,600.99,574.67,4728.62,600.58,625.1
9/2/2016,571.96,577.97,570,4869.74,575.38,622.6
9/1/2016,571.59,573.32,568.12,5080.94,571.96,628.77
8/31/2016,574.79,575.15,569.21,4385.72,571.59,614.59
8/30/2016,573,576.83,572.53,4160.45,574.79,612.37
8/29/2016,574.83,577.73,571.24,4541.78,573,606.19
8/28/2016,570.42,574.99,569.65,2562.59,574.83,611.82
8/27/2016,578.89,579.45,568.95,3037.12,570.42,600.58
8/26/2016,576.16,579.86,574.85,3331.47,578.89,575.38
8/25/2016,578.92,579.03,573.12,4119.58,576.16,571.96
8/24/2016,582.58,582.68,575.29,3811.25,578.92,571.59
8/23/2016,585.12,586.77,577.47,5095.11,582.58,574.79
8/22/2016,580.65,586.99,579.22,4431.22,585.12,573
8/21/2016,583.21,583.99,579.34,2477.96,580.65,574.83
8/20/2016,574.49,583.21,572.38,3667.93,583.21,570.42
8/19/2016,573.99,576.99,572.68,3838.87,574.49,578.89
8/18/2016,573.83,576.99,573,3833.7,573.99,576.16
8/17/2016,581.97,581.99,569.67,4431.2,573.83,578.92
8/16/2016,568.09,581.99,566.09,4584.07,581.97,582.58
8/15/2016,572.43,575,561.56,4407.58,568.09,585.12
8/14/2016,586,586.55,565.19,4071.02,572.43,580.65
8/13/2016,587.82,589.5,586,2839.55,586,583.21
8/12/2016,589.22,590.09,583.62,3855.08,587.82,574.49
8/11/2016,593.24,599.99,585.6,5030.02,589.22,573.99
8/10/2016,588.13,601.09,583.29,9234,593.24,573.83
8/9/2016,591.91,594.04,585.96,4827.98,588.13,581.97
8/8/2016,593.9,595.99,590,3721.63,591.91,568.09
8/7/2016,590.98,598.65,587.2,3244.91,593.9,572.43
8/6/2016,582.98,590.99,574.5,3890.34,590.98,586
8/5/2016,585,592.87,570.39,5558.28,582.98,587.82
8/4/2016,576,599.95,562.11,9496.02,585,589.22
8/3/2016,515.38,576,515,20710.53,576,593.24
8/2/2016,603.97,613.38,483,14299.83,515.38,588.13
8/1/2016,623.14,629.34,600,7951.79,603.97,591.91
7/31/2016,656.32,657,622.08,5869.42,623.14,593.9
7/30/2016,657.27,658.98,652.95,2979.62,656.32,590.98
7/29/2016,656.67,659,651,4269.56,657.27,582.98
7/28/2016,657.04,659.97,654.1,3888.88,656.67,585
7/27/2016,657.73,658.99,646.56,5288.49,657.04,576
7/26/2016,657.39,658.99,645,6215.23,657.73,515.38
7/25/2016,660.27,664.13,653.77,3970.26,657.39,603.97
7/24/2016,658.19,666.37,655.01,3383.4,660.27,623.14
7/23/2016,653.69,662.35,652.81,4498.7,658.19,656.32
7/22/2016,667.73,669.94,647.59,7254.06,653.69,657.27
7/21/2016,667.94,668.4,661.39,3919.21,667.73,656.67
7/20/2016,673.89,674.99,664.6,3486.04,667.94,657.04
7/19/2016,675.4,676.87,666.17,3733.43,673.89,657.73
7/18/2016,679.08,684.94,670,4582.8,675.4,657.39
7/17/2016,666.45,680.99,665.95,3819.81,679.08,660.27
7/16/2016,668.28,669.99,662.01,2872.13,666.45,658.19
7/15/2016,661.41,669.98,660.54,4686.98,668.28,653.69
7/14/2016,662.57,663.99,640,4955.76,661.41,667.73
7/13/2016,674.02,674.19,657.5,21618.43,662.57,667.94
7/12/2016,651.7,675.5,648.6,10423.17,674.02,673.89
7/11/2016,652.54,664.27,648.11,4630.65,651.7,675.4
7/10/2016,658.78,659.25,641,3699.48,652.54,679.08
7/9/2016,666.5,667.33,608,9520.73,658.78,666.45
7/8/2016,640.3,666.54,638.04,10981.41,666.5,668.28
7/7/2016,678,683.44,611.94,12156.93,640.3,661.41
7/6/2016,668.45,680.79,665,5543.33,678,662.57
7/5/2016,679,682.37,662.51,5141.85,668.45,674.02
7/4/2016,669,683.69,653.16,4199.62,679,651.7
7/3/2016,701.23,705.25,651,6215.11,669,652.54
7/2/2016,680.61,701.85,676.92,4907.19,701.23,658.78
7/1/2016,672.45,688.99,667,6673.16,680.61,666.5
6/30/2016,639.22,675,635.14,7731.39,672.45,640.3
6/29/2016,647.63,648.73,630.02,6421.22,639.22,678
6/28/2016,650.31,663.53,638,5798.99,647.63,668.45
6/27/2016,639.13,659.98,630,6616.65,650.31,679
6/26/2016,677.72,677.72,625.01,5565.32,639.13,669
6/25/2016,668.6,699,650,7561.42,677.72,701.23
6/24/2016,630.87,700,628.16,18903.55,668.6,680.61
6/23/2016,594.68,637.89,544.13,21194.12,630.87,672.45
6/22/2016,669.99,679.99,590.12,14351.89,594.68,639.22
6/21/2016,730.42,730.42,628.6,25171.26,669.99,647.63
6/20/2016,767.98,768.99,702,9099.01,730.42,650.31
6/19/2016,760.08,771.92,744.77,5413.23,767.98,639.13
6/18/2016,753,785.15,734.8,9677.71,760.08,677.72
6/17/2016,770.21,778.49,709.01,13928.19,753,668.6
6/16/2016,694.83,777.68,693.1,16649.33,770.21,630.87
6/15/2016,684.9,696.03,673,7656.06,694.83,594.68
6/14/2016,706,706.45,650.02,12050.21,684.9,669.99
6/13/2016,674.26,720,663.55,15500.22,706,730.42
6/12/2016,595.82,687.71,595.82,18409.56,674.26,767.98
6/11/2016,579.5,596.12,579.48,4463.04,595.82,760.08
6/10/2016,578.56,581,573.5,5432.41,579.5,753
6/9/2016,583.23,583.5,574,4719.51,578.56,770.21
6/8/2016,579.33,583.99,572.96,5751.01,583.23,694.83
6/7/2016,585.99,590.95,483.78,9110.13,579.33,684.9
6/6/2016,574.86,588.15,574,6635.45,585.99,706
6/5/2016,575.56,585,570.22,4866.6,574.86,674.26
6/4/2016,570,594.64,564.29,6847.53,575.56,595.82
6/3/2016,538.53,578,535.96,10135.11,570,579.5
6/2/2016,536.99,541.2,531.86,6248.35,538.53,578.56
6/1/2016,531.47,541.5,524.39,5478.68,536.99,583.23
5/31/2016,533,544.9,520.01,8448.61,531.47,579.33
5/30/2016,524.7,541,519,5894.76,533,585.99
5/29/2016,528.04,549.99,492.35,9381.73,524.7,574.86
5/28/2016,470.94,539.49,470.04,11586.13,528.04,575.56
5/27/2016,454.68,476.75,454.35,9644.73,470.94,570
5/26/2016,451.78,454.99,449,5587.71,454.68,538.53
5/25/2016,446.5,452.42,445.99,6037.6,451.78,536.99
5/24/2016,444.88,448.5,440.5,6001,446.5,531.47
5/23/2016,442.54,445.59,440.79,5542.63,444.88,533
5/22/2016,446.14,446.45,440.89,3726.99,442.54,524.7
5/21/2016,444.27,446.99,441.88,3918.03,446.14,528.04
5/20/2016,442.41,445.5,435,7675.16,444.27,470.94
5/19/2016,455.19,456.41,440.1,7798.06,442.41,454.68
5/18/2016,453.62,457.88,452.86,5391.97,455.19,451.78
5/17/2016,456.78,457.49,452.2,5953.21,453.62,446.5
5/16/2016,462.26,462.26,451.48,5923.76,456.78,444.88
5/15/2016,458.99,463.62,458.49,3196.59,462.26,442.54
5/14/2016,457.49,459.83,456,3392.13,458.99,446.14
5/13/2016,455.83,458.03,453.84,5241.18,457.49,444.27
5/12/2016,454.46,456.57,449.27,6050.97,455.83,442.41
5/11/2016,456.92,458.65,452.5,4844.47,454.46,455.19
5/10/2016,464.24,465,448.2,4304.4,452.92,453.62
5/9/2016,461.91,465.9,459.41,5737.41,464.24,456.78
5/8/2016,462.2,465,457.5,3177.35,461.91,462.26
5/7/2016,462.87,464,459.55,3402.33,462.2,458.99
5/6/2016,450.39,463.73,448.84,6193.93,462.87,457.49
5/5/2016,449.06,451.56,447,5325.87,450.39,455.83
5/4/2016,452.68,453.23,446.76,4753.32,449.06,454.46
5/3/2016,445.61,453.29,443.61,5775.57,452.68,452.92
5/2/2016,456.51,457.63,440.02,7490.69,445.61,464.24
5/1/2016,453.48,457.07,451.55,2816.73,456.51,461.91
4/30/2016,457.74,459.44,450.13,4567.43,453.48,462.2
4/29/2016,451.3,458.83,448.5,5909.5,457.74,462.87
4/28/2016,446.85,451.51,434.79,7939.68,451.3,450.39
4/27/2016,470.37,470.79,440.94,10691.12,446.85,449.06
4/26/2016,467.41,472.11,464.01,7344.64,470.37,452.68
4/25/2016,463.85,472.38,454.65,9306.65,467.41,445.61
4/24/2016,453.94,465,453.58,6180.74,463.85,456.51
4/23/2016,448.29,455.69,447.03,4481.16,453.94,453.48
4/22/2016,452.65,453,445.07,6870.06,448.29,457.74
4/21/2016,442.85,453.8,441.99,7531.59,452.65,451.3
4/20/2016,436.87,444.07,436.04,7114.19,442.85,446.85
4/19/2016,429.57,438.2,429.22,6212.91,436.87,470.37
4/18/2016,434.72,434.72,429.1,139.8,429.57,467.41
4/17/2016,434.72,434.72,434.72,0,434.72,463.85
4/16/2016,430.92,434.89,430.53,1730.36,434.72,453.94
4/15/2016,426.1,431.1,425.72,4175.37,430.92,448.29
4/14/2016,425.53,428,424.52,4617.53,426.1,452.65
4/13/2016,428.27,429.4,423.59,5787.14,425.53,442.85
4/12/2016,423.28,429.77,423.1,6812.33,428.27,436.87
4/11/2016,423.48,424,420.15,5009.04,423.28,429.57
4/10/2016,419.49,423.99,419.44,2948.7,423.48,434.72
4/9/2016,418.97,419.79,415.51,3511.16,419.49,434.72
4/8/2016,421.58,424.65,415.71,6506.86,418.97,430.92
4/7/2016,421.57,422.74,419.41,4917.13,421.58,426.1
4/6/2016,422.18,423,420.61,5243.72,421.57,425.53
4/5/2016,419.31,423.43,418.01,5604.98,422.18,428.27
4/4/2016,420.07,421,417.58,5277.54,419.31,423.28
4/3/2016,419.9,420.8,418.33,3187.89,420.07,423.48
4/2/2016,417.33,420.5,416.91,3991.16,419.9,419.49
4/1/2016,416.44,417.5,414.12,5212.94,417.33,418.97
3/31/2016,412.5,417.6,412.07,5344.55,416.44,421.58
3/30/2016,416.5,416.5,407.56,5765.16,412.5,421.57
3/29/2016,422.42,424.62,407.75,7317.48,416.5,422.18
3/28/2016,425.03,425.36,419.63,5492.02,422.42,419.31
3/27/2016,416.7,426.5,416.35,4594.78,425.03,420.07
3/26/2016,416.57,417.77,414.37,3682.76,416.7,419.9
3/25/2016,413.76,416.7,410,4875.68,416.57,417.33
3/24/2016,417.3,417.72,412.79,4794.87,413.76,416.44
3/23/2016,416.42,418.99,413.95,5342.24,417.3,412.5
3/22/2016,411.38,417.79,410.68,6117.22,416.42,416.5
3/21/2016,413.58,413.97,406.89,6084.87,411.38,422.42
3/20/2016,410.55,415.34,409.36,4477.72,413.58,425.03
3/19/2016,409.96,411,404.72,4852.39,410.55,416.7
3/18/2016,418.5,418.75,399.21,8382,409.96,416.57
3/17/2016,415.93,419.75,415.7,6120.06,418.5,413.76
3/16/2016,414.65,416.39,413,6308.13,415.93,417.3
3/15/2016,414.01,416.94,412.48,7532.52,414.65,416.42
3/14/2016,413.15,415.84,411.61,6549.22,414.01,411.38
3/13/2016,410.33,416.38,410.01,4431.74,413.15,413.58
3/12/2016,418.81,421.3,406.52,6891.43,410.33,410.55
3/11/2016,416.24,421,414.97,7040.51,418.81,409.96
3/10/2016,412.83,416.52,410.71,7970.87,416.24,418.5
3/9/2016,411.23,414,408.75,5410.66,412.83,415.93
3/8/2016,415.43,416.33,407.4,7850.91,411.23,414.65
3/7/2016,403.48,418.74,395,9434.21,415.43,414.01
3/6/2016,396.79,409.27,385.01,7664.91,403.48,413.15
3/5/2016,408.93,409.12,381.09,14742.66,396.79,410.33
3/4/2016,418.82,422.21,405.5,8492.44,408.93,418.81
3/3/2016,423.69,424.12,408.63,12228.78,418.82,416.24
3/2/2016,432.4,435.36,423.35,6890.75,423.69,412.83
3/1/2016,436.45,437.78,427.5,7349.19,432.4,411.23
2/29/2016,433.69,442,431.13,7535.1,436.45,415.43
2/28/2016,432.51,436.07,423,5071.23,433.69,403.48
2/27/2016,427.5,434.97,427.5,5949.61,432.51,396.79
2/26/2016,423.75,427.5,419.53,6217.74,427.5,408.93
2/25/2016,422.79,426.4,418.6,6142.27,423.75,418.82
2/24/2016,420.03,425.6,410,6934.44,422.79,423.69
2/23/2016,436.9,440.9,414.16,9076.31,420.03,432.4
2/22/2016,438.15,439,431.12,4932.6,436.9,436.45
2/21/2016,441.89,448.7,426.01,7102,438.15,433.69
2/20/2016,419.06,444.03,418.87,9441.56,441.89,432.51
2/19/2016,421.32,422,416,5578.81,419.06,427.5
2/18/2016,416.26,423.2,414.24,6479.33,421.32,423.75
2/17/2016,406.89,420.13,405.69,8502.56,416.26,422.79
2/16/2016,399.11,407.5,390,5323.92,406.89,420.03
2/15/2016,404.53,409.09,394.03,6695.34,399.11,436.9
2/14/2016,388.37,404.54,388.2,7458.72,404.53,438.15
2/13/2016,381.97,396,381.26,5660.69,388.37,441.89
2/12/2016,376.89,382,376.51,6215.18,381.97,419.06
2/11/2016,378.56,379.5,361.1,10074.12,376.89,421.32
2/10/2016,372.9,383.34,371.87,9666.55,378.56,416.26
2/9/2016,370.68,374.93,370.13,8438.16,372.9,406.89
2/8/2016,377.77,379.35,370.5,7080.05,370.68,399.11
2/7/2016,374.92,379.81,373.24,4054.75,377.77,404.53
2/6/2016,384.46,384.54,370.05,6314.53,374.92,388.37
2/5/2016,390.08,390.49,382.99,7303.25,384.46,381.97
2/4/2016,367,390.63,366.96,8968.44,390.08,376.89
2/3/2016,372.85,373.01,365.63,6937.95,367,378.56
2/2/2016,370.62,374.41,370.58,6889.93,372.85,372.9
2/1/2016,369.82,379,365,8101.5,370.62,370.68
1/31/2016,379.23,382.5,367.33,5059.48,369.82,377.77
1/30/2016,379.39,382.04,375,4283.56,379.23,374.92
1/29/2016,379.96,385.05,363.25,11940.43,379.39,384.46
1/28/2016,394.93,395,377.12,8864.29,379.96,390.08
1/27/2016,389.21,397.18,388.77,6264.62,394.93,367
1/26/2016,392.91,397,387.78,6856,389.21,372.85
1/25/2016,403.45,403.94,386.41,6384,392.91,370.62
1/24/2016,389.52,406.93,385,3630.65,403.45,369.82
1/23/2016,383.01,398.72,380.26,6279.09,389.52,379.23
1/22/2016,408.97,413.99,373.86,13321.19,383.01,379.39
1/21/2016,413.88,424.78,403.21,9143.04,408.97,379.96
1/20/2016,375.96,425.1,369,13499.26,413.88,394.93
1/19/2016,383.14,385.5,370,8030.16,375.96,389.21
1/18/2016,381.01,386.1,370.1,8946.25,383.14,392.91
1/17/2016,386.57,391,378.42,8757.44,381.01,403.45
1/16/2016,373.43,387.81,350.92,18198.94,386.57,389.52
1/15/2016,429.69,430.67,359.8,27319.74,373.43,383.01
1/14/2016,432.68,435.27,428,5499.3,429.69,408.97
1/13/2016,446.57,446.57,425,9754.5,432.68,413.88
1/12/2016,449.33,449.49,445.22,5739.9,446.57,375.96
1/11/2016,449.14,452.65,445.88,5572.68,449.33,383.14
1/10/2016,451.07,451.45,442.96,3885.82,449.14,381.01
1/9/2016,454.06,456,447.66,4194.88,451.07,386.57
1/8/2016,458.49,464.4,447.53,9564.11,454.06,373.43
1/7/2016,432.44,458.68,430.21,12531.7,458.49,429.69
1/6/2016,432.67,433.46,428.15,5369.1,432.44,432.68
1/5/2016,433.42,435.51,430,5120.61,432.67,446.57
1/4/2016,432.51,435.79,431.37,5836.26,433.42,449.33
1/3/2016,435.74,435.88,425.02,3920.35,432.51,449.14
1/2/2016,435.43,437.56,432.41,3278.08,435.74,451.07
1/1/2016,430.12,437.15,427.92,3894.26,435.43,454.06
12/31/2015,428.2,434,419.04,6396.83,430.12,458.49
12/30/2015,432.59,434.99,422.35,5066.16,428.2,432.44
12/29/2015,421.28,433,419.31,6013.97,432.59,432.67
12/28/2015,425.01,429.9,418,6864.21,421.28,433.42
12/27/2015,419.76,429.85,410.02,5562.86,425.01,432.51
12/26/2015,456.09,458.29,410,13272.92,419.76,435.74
12/25/2015,456,458.99,450.01,3442.71,456.09,435.43
12/24/2015,443.77,460,442,7020.69,456,430.12
12/23/2015,434.88,445.11,428.29,7455.28,443.77,428.2
12/22/2015,436.61,442,432.58,6466.68,434.88,432.59
12/21/2015,442.26,444.44,424.66,6840.03,436.61,421.28
12/20/2015,460.9,461.4,430,8251.43,442.26,425.01
12/19/2015,462.5,465.6,451.58,6946.83,460.9,419.76
12/18/2015,455.5,465.1,453.28,4930.71,462.5,456.09
12/17/2015,453.63,456.33,446.01,6187.21,455.5,456
12/16/2015,463.64,464.73,440,35969.03,453.63,443.77
12/15/2015,441.98,464.95,441.77,10524.31,463.64,434.88
12/14/2015,436.29,450,429.12,160540.99,441.98,436.61
12/13/2015,436.01,443.83,419.42,6428.01,436.29,442.26
12/12/2015,451.34,469.34,403,28635.94,436.01,460.9
12/11/2015,416.18,452.73,415.67,13066.6,451.34,462.5
12/10/2015,417.44,419.5,408,6848.2,416.18,455.5
12/9/2015,409.2,425,401,14296.19,417.44,453.63
12/8/2015,395.28,409.2,386.69,6706.2,409.2,463.64
12/7/2015,393.26,397.57,383,7450.8,395.28,441.98
12/6/2015,387,401.01,375.22,9400.68,393.26,436.29
12/5/2015,363.25,390,363.25,8615.5,387,436.01
12/4/2015,361.33,364.85,355.43,5828.13,363.25,451.34
12/3/2015,360.23,369.99,356.52,7200.93,361.33,416.18
12/2/2015,362.56,363.06,349.59,8231.07,360.23,417.44
12/1/2015,378.23,378.94,354.6,9357.22,362.56,409.2
11/30/2015,371.04,382.87,367,11431.2,378.23,395.28
11/29/2015,355.94,373.63,354.26,5194.56,371.04,393.26
11/28/2015,359.99,360,351.09,5518,355.94,387
11/27/2015,356.88,364.46,347.96,7373.93,359.99,363.25
11/26/2015,328.07,368.18,328.03,13908.21,356.88,361.33
11/25/2015,319.49,330.06,316.26,7794.68,328.07,360.23
11/24/2015,323.01,323.17,318,5194.49,319.49,362.56
11/23/2015,323.59,326,322,4748.68,323.01,378.23
11/22/2015,325.22,327,321,3378.49,323.59,371.04
11/21/2015,321.85,328,316.33,5147.59,325.22,355.94
11/20/2015,325.5,327.12,311.23,9224.03,321.85,359.99
11/19/2015,336.59,336.59,324.9,6700.81,325.5,356.88
11/18/2015,336,338,330,5173.52,336.59,328.07
11/17/2015,332.1,340.72,330.1,7247.61,336,319.49
11/16/2015,321.13,334.1,316.12,7340.55,332.1,323.01
11/15/2015,333.49,336.46,320,6242.57,321.13,323.59
11/14/2015,335,339.57,329.4,5960.51,333.49,325.22
11/13/2015,336.19,343,325,10519.03,335,321.85
11/12/2015,307.54,344.99,307.25,15695.79,336.19,325.5
11/11/2015,338.46,341.75,293.32,17757.39,307.54,336.59
11/10/2015,381,382.23,322,16387.91,338.46,336
11/9/2015,373.91,386.96,360.8,10839.36,381,332.1
11/8/2015,386.7,389,363.58,7450.76,373.91,321.13
11/7/2015,371.37,392,368.24,8508.45,386.7,333.49
11/6/2015,384.2,395,351,20222.01,371.37,335
11/5/2015,398.09,450,366.66,27216.75,384.2,336.19
11/4/2015,399.49,499.99,368.15,49326.81,398.09,307.54
11/3/2015,363.97,422.3,362.07,40259.65,399.49,338.46
11/2/2015,331.71,371.82,326.07,19347.78,363.97,381
11/1/2015,314.6,332,311.44,10295.56,331.71,373.91
10/31/2015,329.97,334.28,306.29,14918.76,314.6,386.7
10/30/2015,315.68,336.97,315.46,16267.3,329.97,371.37
10/29/2015,303.75,320.99,301.8,12145.79,315.68,384.2
10/28/2015,295.88,308.93,295.51,16005.21,303.75,398.09
10/27/2015,286.75,297.99,286.67,10888.35,295.88,399.49
10/26/2015,288.97,288.99,282.04,7565.99,286.75,363.97
10/25/2015,284,295.93,283.28,10737.02,288.97,331.71
10/24/2015,278.07,284,278.07,5268.7,284,314.6
10/23/2015,275.92,281.17,275.4,7054.48,278.07,329.97
10/22/2015,269.16,280,268.52,8714.9,275.92,315.68
10/21/2015,271.14,272.85,265,6098.22,269.16,303.75
10/20/2015,264.81,272.95,264.38,4652.97,271.14,295.88
10/19/2015,264.53,268.23,262.05,5238.97,264.81,286.75
10/18/2015,271.35,273.5,262.94,5809.15,264.53,288.97
10/17/2015,263,274.81,262.56,10913.12,271.35,284
10/16/2015,254.64,267.6,254.64,9104.56,263,278.07
10/15/2015,253.22,256.77,253.13,6623.1,254.64,275.92
10/14/2015,250.37,255,250.25,7542.42,253.22,269.16
10/13/2015,246.29,251.5,244.86,6471.08,250.37,271.14
10/12/2015,248.9,249.14,245.89,5328.43,246.29,264.81
10/11/2015,246.06,250,245.63,4222.7,248.9,264.53
10/10/2015,244.46,246.1,243.8,3721.95,246.06,271.35
10/9/2015,243.38,244.88,241.1,4999.71,244.46,263
10/8/2015,243.64,245.38,242.2,5358.51,243.38,254.64
10/7/2015,246.83,247.96,240.2,9035.05,243.64,253.22
10/6/2015,240.7,248,240.31,9347.01,246.83,250.37
10/5/2015,239.76,240.77,237.5,7420.58,240.7,246.29
10/4/2015,239.93,240.28,239.07,3757.54,239.76,248.9
10/3/2015,237.99,240.62,237.68,4360.67,239.93,246.06
10/2/2015,238.54,239.4,236.97,5947.95,237.99,244.46
10/1/2015,237.13,239.86,236.68,5670.97,238.54,243.38
9/30/2015,237.78,238.75,236.26,5549.05,237.13,243.64
9/29/2015,240.42,241.05,237,6880.33,237.78,246.83
9/28/2015,233.54,240.42,233.45,7962.86,240.42,240.7
9/27/2015,234.99,235.13,233.2,3286.85,233.54,239.76
9/26/2015,235.76,236.2,233.5,4229.25,234.99,239.93
9/25/2015,235.6,237.62,234.02,6468.71,235.76,237.99
9/24/2015,230.1,235.99,230.01,9095.34,235.6,238.54
9/23/2015,230.61,233,229.27,6307.83,230.1,237.13
9/22/2015,227,232.5,224.45,8827.76,230.61,237.78
9/21/2015,232.48,233.64,226.87,7630.98,227,240.42
9/20/2015,232.26,234,231.85,3636.83,232.48,233.54
9/19/2015,233.19,234.31,232,3630.37,232.26,234.99
9/18/2015,233.17,234.96,231.75,4579.73,233.19,235.76
9/17/2015,229.2,235.93,229.01,7532.78,233.17,235.6
9/16/2015,230.36,232,226.85,7866.47,229.2,230.1
9/15/2015,231.01,232.43,230.26,6953.11,230.36,230.61
9/14/2015,230.61,233.99,228.01,7961.8,231.01,227
9/13/2015,236.92,236.92,229.72,4987.99,230.61,232.48
9/12/2015,241.04,241.13,235.26,5390.6,236.92,232.26
9/11/2015,238.33,241.54,238.33,5807.8,241.04,233.19
9/10/2015,238.72,241.4,236.69,5822.01,238.33,233.17
9/9/2015,244.15,244.69,238.6,6800.15,238.72,229.2
9/8/2015,240.31,247.82,240.01,8264.99,244.15,230.36
9/7/2015,240.93,242.98,239.21,4960.04,240.31,231.01
9/6/2015,240.13,244.82,239.72,2502.55,240.93,230.61
9/5/2015,231.61,231.61,230.12,2603.86,230.92,236.92
9/4/2015,226.83,232.49,226.83,7020.27,231.61,241.04
9/3/2015,229.39,231.36,226.48,6712.57,226.83,238.33
9/2/2015,227.6,231.43,226.43,7477,229.39,238.72
9/1/2015,231.12,233.5,226.42,8594.57,227.6,244.15
8/31/2015,229.24,233,225.23,6705.52,231.12,240.31
8/30/2015,229.55,233.47,226.59,4964.63,229.24,240.93
8/29/2015,233.4,233.95,228,4546.16,229.55,230.92
8/28/2015,224.34,236.18,221.2,9005.75,233.4,231.61
8/27/2015,226.35,229.99,224,7938.43,224.34,226.83
8/26/2015,223.58,231.97,220.16,9739.46,226.35,229.39
8/25/2015,213.38,229.49,198.02,20002.92,223.58,227.6
8/24/2015,228.3,229.84,210,16138.49,213.38,231.12
8/23/2015,230.62,233.25,226.15,4254.11,228.3,229.24
8/22/2015,233.71,235.53,222.68,7708.46,230.62,229.55
8/21/2015,235.49,236.99,231.37,7878.14,233.71,233.4
8/20/2015,227.84,238.2,226.58,8940,235.49,224.34
8/19/2015,247.43,247.43,200,16696.31,227.84,226.35
8/18/2015,258.49,258.64,245.67,8204.81,247.43,223.58
8/17/2015,259.19,261.57,255.58,6761.14,258.49,213.38
8/16/2015,262.21,263.1,255.67,5348.55,259.19,228.3
8/15/2015,266.52,267.69,262.05,4065.26,262.21,230.62
8/14/2015,264.92,267.98,262.5,6897.74,266.52,233.71
8/13/2015,269.43,269.49,262.94,5434.23,264.92,235.49
8/12/2015,271.2,272.4,265.79,6217.22,269.43,227.84
8/11/2015,265.18,271.99,263.48,5878.03,271.2,247.43
8/10/2015,267.91,268.89,263.17,5324.47,265.18,258.49
8/9/2015,261.08,268.8,260.97,5078.04,267.91,259.19
8/8/2015,279.54,280.16,260.07,6052.87,261.08,262.21
8/7/2015,279.91,281.17,277.05,5192.8,279.54,266.52
8/6/2015,282.24,282.77,278.95,5000.88,279.91,264.92
8/5/2015,285.31,286.25,282.01,5847.36,282.24,269.43
8/4/2015,281.63,286.47,280.11,5556.91,285.31,271.2
8/3/2015,282.55,285.86,280.27,4624.02,281.63,265.18
8/2/2015,282.06,282.58,277.33,3452.38,282.55,267.91
8/1/2015,284.68,285.6,277.26,3907.84,282.06,261.08
7/31/2015,288.25,290,282.79,5615.32,284.68,279.54
7/30/2015,289.53,291.56,286.56,5218.19,288.25,279.91
7/29/2015,295.73,296.58,289.01,5211.42,289.53,282.24
7/28/2015,294.44,298,293.35,5707.1,295.73,285.31
7/27/2015,293.25,297,287.24,6418.82,294.44,281.63
7/26/2015,289.64,294.49,288.65,3764.35,293.25,282.55
7/25/2015,289.48,291.67,286.82,4144.86,289.64,282.06
7/24/2015,276.91,291.52,276.43,7203.81,289.48,284.68
7/23/2015,277.5,279.75,276.28,5347.51,276.91,288.25
7/22/2015,277.13,278.54,275.01,4611.39,277.5,289.53
7/21/2015,278.7,281.27,276.85,5033.72,277.13,295.73
7/20/2015,275.59,279.72,273.34,5328.9,278.7,294.44
7/19/2015,277.56,278.48,275,3314.37,275.59,293.25
7/18/2015,279.95,282.71,276.34,4406.19,277.56,289.64
7/17/2015,278.71,281.38,272.64,6840.84,279.95,289.48
7/16/2015,285.22,292.78,275,8771.75,278.71,276.91
7/15/2015,288.2,294.11,285.18,7261.97,285.22,277.5
7/14/2015,292.35,297.78,286.25,7147.48,288.2,277.13
7/13/2015,311.96,312.91,281.62,13000.28,292.35,278.7
7/12/2015,294.77,316.52,293.5,12692.8,311.96,275.59
7/11/2015,286.85,299,284.5,8321.35,294.77,277.56
7/10/2015,269.48,294.71,269.25,15760,286.85,279.95
7/9/2015,270.64,272.5,267.1,6928.7,270.21,278.71
7/8/2015,267.19,273.97,264.41,7744.93,270.64,285.22
7/7/2015,270.41,272.11,264.5,7114.39,267.19,288.2
7/6/2015,271.15,277.88,268.27,9928.97,270.41,292.35
7/5/2015,260.61,275.25,258.99,7902.94,271.15,311.96
7/4/2015,256.36,261,254.4,4119.09,260.72,294.77
7/3/2015,255.22,257.37,252.77,4850.58,256.36,286.85
7/2/2015,257.97,262,253,6288.44,255.22,270.21
7/1/2015,264.94,265.45,255.12,8150.38,257.97,270.64
6/30/2015,257.35,269.39,255.91,11626.26,264.94,267.19
6/29/2015,249.79,257.99,249.09,10217.24,257.57,270.41
6/28/2015,251.67,252,247.51,4432.28,249.79,271.15
6/27/2015,243,252.22,242.3,5216.6,251.67,260.72
6/26/2015,242.14,243.1,239.91,6548.17,243,256.36
6/25/2015,240.89,243.44,239.91,5700.06,242.14,255.22
6/24/2015,244.07,244.92,239.51,5316.52,240.89,257.97
6/23/2015,247.75,248.06,243.01,5335.17,244.07,264.94
6/22/2015,244.64,248.5,243.86,5446.03,247.75,257.57
6/21/2015,246.67,246.98,242,3757.23,244.64,249.79
6/20/2015,246.57,246.99,246.56,60.42,246.67,251.67
6/19/2015,248.93,251.05,245.56,29810.11,245.56,243
6/18/2015,248.37,253.29,243.51,9547.55,248.93,242.14
6/17/2015,251.93,259.46,247,10011.16,248.37,240.89
6/16/2015,237.47,253.26,236.01,10379.93,251.93,244.07
6/15/2015,233.6,238.5,233.6,5868.17,237.47,247.75
6/14/2015,233.18,235,232.53,2275.85,233.6,244.64
6/13/2015,230.26,233.33,228.79,3873.91,233.18,246.67
6/12/2015,229.62,231.32,229.01,5860.99,230.26,245.56
6/11/2015,228.67,230.92,228.67,5631.46,229.62,248.93
6/10/2015,229.74,230.45,227.98,5957.23,228.67,248.37
6/9/2015,229.02,232.06,228.31,6386.51,229.74,251.93
6/8/2015,223.96,230.16,223.63,6883.72,229.02,237.47
6/7/2015,225.02,226.09,222.88,3526.44,223.96,233.6
6/6/2015,225.33,225.61,224.27,3603.72,225.02,233.18
6/5/2015,224.31,226.74,223.01,6580.07,225.33,230.26
6/4/2015,225.57,226.07,223.56,6027.74,224.31,229.62
6/3/2015,225.25,227.45,223.82,6835.7,225.57,228.67
6/2/2015,223.6,226.68,221.84,8919.25,225.25,229.74
6/1/2015,229.88,230.99,221.58,10155.63,223.6,229.02
5/31/2015,232.93,233.94,229.55,5842.77,229.88,223.96
5/30/2015,236.94,236.99,231,6210.73,232.93,225.02
5/29/2015,236.8,237.68,235.01,6340.64,236.94,225.33
5/28/2015,237.74,238.48,236.23,6001.17,236.8,224.31
5/27/2015,237.61,238.75,236.02,6631.62,237.74,225.57
5/26/2015,237.47,238.34,235.81,5950.51,237.61,225.25
5/25/2015,240.91,241.4,236.71,4028.06,237.47,223.6
5/24/2015,239.07,242,238.27,3367.15,240.91,229.88
5/23/2015,240.34,240.64,237.89,3813.89,239.07,232.93
5/22/2015,235.72,242,235.11,7718.5,240.34,236.94
5/21/2015,234.25,236.74,234.13,6111.71,235.72,236.8
5/20/2015,232.4,235,232.31,7040.85,234.25,237.74
5/19/2015,233.28,234.92,231.53,6946.41,232.4,237.61
5/18/2015,237.22,237.89,231.66,7083.69,233.28,237.47
5/17/2015,236.73,238.45,236.7,4789.15,237.22,240.91
5/16/2015,237.84,237.99,235.48,2924.1,236.73,239.07
5/15/2015,237.19,239,236.89,9062.66,237.84,240.34
5/14/2015,237.56,240,232.61,9610.34,237.19,235.72
5/13/2015,242.81,244.13,235.54,10026.48,237.56,234.25
5/12/2015,242.81,243.4,240.37,6291.95,242.81,232.4
5/11/2015,241.25,245.49,239.5,6124.37,242.81,233.28
5/10/2015,242.57,244.89,239.63,5136.97,241.25,237.22
5/9/2015,244.65,247.6,240,4988.6,242.57,236.73
5/8/2015,237.91,247.06,236.35,8466.61,244.65,237.84
5/7/2015,230.89,239.18,228.38,8772.45,237.91,237.19
5/6/2015,236.18,237.87,228.38,7817.31,230.89,237.56
5/5/2015,239.8,240,232,8957.98,236.18,242.81
5/4/2015,240.63,243.99,238.06,8777.83,239.8,242.81
5/3/2015,236.26,242.97,234.26,5846.91,240.63,241.25
5/2/2015,234.01,237.15,233,6357.79,236.26,242.57
5/1/2015,236.59,238.78,234,9697.4,234.01,244.65
4/30/2015,225.91,240,225.1,11339.46,236.59,237.91
4/29/2015,225.48,227.3,220.2,6662.8,225.91,230.89
4/28/2015,227.2,229.04,220.46,6931.74,225.48,236.18
4/27/2015,220.5,231.11,218.78,11863.95,227.2,239.8
4/26/2015,227.06,227.91,215.56,9487.32,220.5,240.63
4/25/2015,232.38,233.67,226.83,4981.45,227.06,236.26
4/24/2015,235.49,236.93,230.12,5241.44,232.38,234.01
4/23/2015,234,236,232.79,6497.28,235.49,236.59
4/22/2015,234.91,238.6,232.78,7535.02,234,225.91
4/21/2015,225.04,235.81,224.01,9587.36,234.91,225.48
4/20/2015,224.05,227.45,223.45,7263.87,225.04,227.2
4/19/2015,223.99,226.72,223.44,4596.85,224.05,220.5
4/18/2015,223.5,224.04,222.18,4391.09,223.99,227.06
4/17/2015,229.09,230.08,220.46,7332,223.5,232.38
4/16/2015,223.88,230.75,223.55,8410.1,229.09,235.49
4/15/2015,220.53,224.24,218.09,8680.74,223.88,234
4/14/2015,221.48,222.16,216.92,6154.67,220.53,234.91
4/13/2015,238.03,238.03,238.03,0,238.03,225.04
4/12/2015,238.13,239.16,234.02,2547.14,238.03,224.05
4/11/2015,235.86,239.99,234.77,5674.99,238.13,223.99
4/10/2015,243.65,244.95,232.35,11515.72,235.86,223.5
4/9/2015,246.65,248.16,239.02,7620.34,243.65,229.09
4/8/2015,255.67,255.75,244.29,7572.99,246.65,223.88
4/7/2015,257.57,258.11,253.45,7307.56,255.67,220.53
4/6/2015,261.46,263,255,7405.23,257.57,238.03
4/5/2015,254.87,262,252.06,5171.58,261.46,238.03
4/4/2015,255.68,256.6,251.26,3990.58,254.87,238.13
4/3/2015,254.48,257.43,252.59,7141.43,255.68,235.86
4/2/2015,247.25,255.24,245.8,9077.69,254.48,243.65
4/1/2015,245.26,248.22,241.07,9529.31,247.25,246.65
3/31/2015,248.59,249.98,242.87,8179.65,245.26,255.67
3/30/2015,243.58,250.06,237.94,10852.73,248.59,257.57
3/29/2015,253.47,254,241,8413.7,243.58,261.46
3/28/2015,248.68,254.99,247.63,6096.03,253.47,254.87
3/27/2015,250.16,250.99,246.44,8364.84,248.68,255.68
3/26/2015,247,254.9,244.92,10837.76,250.16,254.48
3/25/2015,248.81,249.99,234.51,12393.11,247,247.25
3/24/2015,265.61,268.51,244.86,16427.45,248.81,245.26
3/23/2015,270,273.99,260.81,13043.94,265.61,248.59
3/22/2015,261.83,271.27,259.71,5754.06,270,243.58
3/21/2015,263.71,264.04,256.66,6090.47,261.83,253.47
3/20/2015,263.28,267.42,259.31,7552.27,263.71,248.68
3/19/2015,258.51,266.8,249.2,16096.79,263.28,250.16
3/18/2015,286.87,287.05,250,18277.12,258.51,247
3/17/2015,292.03,293.69,284.01,7724.07,286.87,248.81
3/16/2015,287.46,294.99,287.02,8819.7,292.03,265.61
3/15/2015,284.29,289.24,282.5,4422.23,287.46,270
3/14/2015,287,289,280.86,7278.62,284.29,261.83
3/13/2015,296.11,296.52,284.86,11720.92,287,263.71
3/12/2015,296.63,298.9,291.87,9501.1,296.11,263.28
3/11/2015,292.56,297.8,290.51,9836.17,296.63,258.51
3/10/2015,290.23,299.48,288.96,16279.83,292.56,286.87
3/9/2015,274.82,294.42,274.82,13596.15,290.23,292.03
3/8/2015,276.33,278.97,270.29,5080.38,274.82,287.46
3/7/2015,273.91,279.44,270.55,6326.64,276.33,284.29
3/6/2015,277.12,280,269.12,9963.67,273.91,287
3/5/2015,273.56,281.09,262.49,11641.75,277.12,296.11
3/4/2015,282.42,287,267.39,15023.6,273.56,296.63
3/3/2015,274.93,289.5,267.07,19087.01,282.42,292.56
3/2/2015,260.35,275,258.21,10027.14,274.93,290.23
3/1/2015,255.59,259.97,246.3,4967.35,258.78,274.82
2/28/2015,255.96,256.97,250,5433.11,255.51,276.33
2/27/2015,237.1,259,236.29,20540.96,255.96,273.91
2/26/2015,238.45,238.46,234.33,6798.2,237.1,277.12
2/25/2015,239.78,240.99,235.44,4165.15,238.45,273.56
2/24/2015,239.49,241.21,235.51,4506.86,240.13,282.42
2/23/2015,236.72,240.97,232,9684.99,239.69,274.93
2/22/2015,245.86,247.48,234.01,8311.73,236.72,258.78
2/21/2015,245.54,248.12,244,4106.15,245.86,255.51
2/20/2015,242.42,248.32,239.99,9809.26,245.89,255.96
2/19/2015,235.91,245,235.58,9123,242.42,237.1
2/18/2015,244,246,231.93,13453.31,235.91,238.45
2/17/2015,236.82,248,233,16360.49,244,240.13
2/16/2015,234,241,229.6,10342.88,236.82,239.69
2/15/2015,257.48,267.86,228,17339.11,234,236.72
2/14/2015,236.65,259.98,236.08,14942.09,257.48,245.86
2/13/2015,222.45,242.36,221.55,15260.16,236.65,245.89
2/12/2015,220.02,224.61,218,7850.44,222.45,242.42
2/11/2015,220.84,223.61,217.46,8877.19,220.02,235.91
2/10/2015,222.19,222.64,215,5450.37,220.84,244
2/9/2015,224.16,225,216.45,6525.33,222.19,236.82
2/8/2015,228.7,231.6,220,4253.06,224.16,234
2/7/2015,222.82,230.5,222.44,4220.38,228.7,257.48
2/6/2015,216,226.64,216,5638.26,222.82,236.65
2/5/2015,226.5,228.9,215,7522.28,216,222.45
2/4/2015,228.31,230.99,221.5,9103.19,226.5,220.02
2/3/2015,237.79,243.9,225.32,8565.02,228.31,220.84
2/2/2015,227,240.1,220.89,7156.24,237.79,222.19
2/1/2015,219,233.79,210,7401.43,227,224.16
1/31/2015,232.55,234.67,217.11,5569.26,219,228.7
1/30/2015,234.52,244.59,227.89,5699.69,232.55,222.82
1/29/2015,236.14,242,221.14,6661.74,234.52,216
1/28/2015,262.69,265.99,228.5,5160.3,236.14,226.5
1/27/2015,270,278.47,244.03,1647.55,262.69,228.31
1/26/2015,254.53,322.72,241.43,5152.24,270,237.79
1/25/2015,240,256.26,240,478.76,254.53,227
1/24/2015,235,250.58,215,1.74,240,219
1/23/2015,226.32,235,215,0.18,235,232.55
1/22/2015,225.51,257.73,216.59,4.36,226.32,234.52
1/21/2015,208,225.51,208,0.1577,225.51,236.14
1/20/2015,225.51,225.51,208,0.02,208,262.69
1/19/2015,184,225.51,184,0.41,225.51,270
1/18/2015,184,184,184,0,184,254.53
1/17/2015,199.46,210,184,0.112,184,240
1/16/2015,211.91,225.5,189,4.8,199.46,235
1/15/2015,120,224,120,2.87,211.91,226.32
1/14/2015,260,260,109.87,11.3,120,225.51
1/13/2015,288.99,288.99,260,1,260,208
1/12/2015,288.99,288.99,288.99,0,288.99,225.51
1/11/2015,288.99,288.99,288.99,0,288.99,184
1/10/2015,288.99,288.99,288.99,0,288.99,184
1/9/2015,288.99,288.99,288.99,0,288.99,199.46
1/8/2015,340,360,264.81,10.35,288.99,211.91
1/7/2015,340,340,340,0,340,120
1/6/2015,340,340,340,0,340,260
1/5/2015,340,340,340,0,340,288.99
1/4/2015,340,340,340,0,340,288.99
1/3/2015,340,340,340,0,340,288.99
1/2/2015,340,340,340,0,340,288.99
1/1/2015,340,340,340,0,340,288.99
12/31/2014,340,340,340,0,340,340
12/30/2014,340,340,340,0,340,340
12/29/2014,340,340,340,0,340,340
12/28/2014,340,340,340,0,340,340
12/27/2014,340,340,340,0,340,340
12/26/2014,340,340,340,0,340,340
12/25/2014,340,340,340,0,340,340
12/24/2014,340,340,340,0,340,340
12/23/2014,340,340,340,0,340,340
12/22/2014,340,340,340,0,340,340
12/21/2014,340,340,340,0,340,340
12/20/2014,340,340,340,0,340,340
12/19/2014,340,340,340,0,340,340
12/18/2014,350,350,340,2,340,340
12/17/2014,350,350,350,0,350,340
12/16/2014,350,350,350,0,350,340
12/15/2014,350,350,350,0,350,340
12/14/2014,350,350,350,0,350,340
12/13/2014,350,350,350,0,350,340
12/12/2014,360.5,379,350,3.15,350,340
12/11/2014,360.5,360.5,360.5,0,360.5,340
12/10/2014,375,398,360.5,0.02,360.5,350
12/9/2014,375,375,375,0,375,350
12/8/2014,378,378,375,0.235,375,350
12/7/2014,378,378,378,0,378,350
12/6/2014,377.1,378,377.1,0.015,378,350
12/5/2014,377.1,377.1,377.1,0,377.1,350
12/4/2014,378,378,377.1,0.01,377.1,360.5
12/3/2014,378,378,377.01,0.5466,378,360.5
12/2/2014,370,378,370,15.01,378,375
12/1/2014,300,370,300,0.05656,370,375
